2026-08-09 12:07:09 | INFO     | ===========================================================================
2026-08-09 12:07:09 | INFO     | ICMLDE Convergence Experiment: CodeT5-Small
2026-08-09 12:07:09 | INFO     | ===========================================================================
2026-08-09 12:07:09 | INFO     | Model: Salesforce/codet5-small
2026-08-09 12:07:09 | INFO     | Epochs: 8
2026-08-09 12:07:09 | INFO     | Seed: 50
2026-08-09 12:07:09 | INFO     | Device: cuda
2026-08-09 12:07:09 | INFO     | Output: /kaggle/working/outputs
2026-08-09 12:07:09 | INFO     | Loading datasets...
2026-08-09 12:07:11 | INFO     |   Train samples: 82736
2026-08-09 12:07:11 | INFO     |   Val/Test samples: 22447
2026-08-09 12:07:11 | INFO     | Initializing Salesforce/codet5-small...
2026-08-09 12:07:21 | INFO     | 
===========================================================================
2026-08-09 12:07:21 | INFO     | Starting training...
2026-08-09 12:07:21 | INFO     | ===========================================================================
2026-08-09 12:07:21 | INFO     | 
--- Epoch 1/8 ---
2026-08-09 12:07:27 | INFO     |   Batch 50/10342: loss=4.1532
2026-08-09 12:07:33 | INFO     |   Batch 100/10342: loss=3.9120
2026-08-09 12:07:38 | INFO     |   Batch 150/10342: loss=3.1080
2026-08-09 12:07:43 | INFO     |   Batch 200/10342: loss=3.1857
2026-08-09 12:07:48 | INFO     |   Batch 250/10342: loss=3.1607
2026-08-09 12:07:54 | INFO     |   Batch 300/10342: loss=3.2266
2026-08-09 12:07:59 | INFO     |   Batch 350/10342: loss=3.3100
2026-08-09 12:08:05 | INFO     |   Batch 400/10342: loss=2.9384
2026-08-09 12:08:10 | INFO     |   Batch 450/10342: loss=0.9730
2026-08-09 12:08:16 | INFO     |   Batch 500/10342: loss=1.8569
2026-08-09 12:08:22 | INFO     |   Batch 550/10342: loss=1.4404
2026-08-09 12:08:27 | INFO     |   Batch 600/10342: loss=2.1776
2026-08-09 12:08:33 | INFO     |   Batch 650/10342: loss=1.8421
2026-08-09 12:08:39 | INFO     |   Batch 700/10342: loss=1.4326
2026-08-09 12:08:45 | INFO     |   Batch 750/10342: loss=0.6325
2026-08-09 12:08:51 | INFO     |   Batch 800/10342: loss=1.6500
2026-08-09 12:08:57 | INFO     |   Batch 850/10342: loss=0.7409
2026-08-09 12:09:03 | INFO     |   Batch 900/10342: loss=0.7232
2026-08-09 12:09:10 | INFO     |   Batch 950/10342: loss=0.8353
2026-08-09 12:09:16 | INFO     |   Batch 1000/10342: loss=0.9153
2026-08-09 12:09:22 | INFO     |   Batch 1050/10342: loss=0.7872
2026-08-09 12:09:28 | INFO     |   Batch 1100/10342: loss=0.2946
2026-08-09 12:09:33 | INFO     |   Batch 1150/10342: loss=1.3846
2026-08-09 12:09:39 | INFO     |   Batch 1200/10342: loss=0.8736
2026-08-09 12:09:45 | INFO     |   Batch 1250/10342: loss=0.2174
2026-08-09 12:09:51 | INFO     |   Batch 1300/10342: loss=0.8177
2026-08-09 12:09:57 | INFO     |   Batch 1350/10342: loss=0.1372
2026-08-09 12:10:03 | INFO     |   Batch 1400/10342: loss=0.8738
2026-08-09 12:10:09 | INFO     |   Batch 1450/10342: loss=0.2010
2026-08-09 12:10:15 | INFO     |   Batch 1500/10342: loss=0.5736
2026-08-09 12:10:21 | INFO     |   Batch 1550/10342: loss=0.8395
2026-08-09 12:10:27 | INFO     |   Batch 1600/10342: loss=0.1295
2026-08-09 12:10:33 | INFO     |   Batch 1650/10342: loss=0.3886
2026-08-09 12:10:39 | INFO     |   Batch 1700/10342: loss=0.2057
2026-08-09 12:10:45 | INFO     |   Batch 1750/10342: loss=0.0928
2026-08-09 12:10:51 | INFO     |   Batch 1800/10342: loss=0.2250
2026-08-09 12:10:57 | INFO     |   Batch 1850/10342: loss=0.7356
2026-08-09 12:11:03 | INFO     |   Batch 1900/10342: loss=0.0894
2026-08-09 12:11:09 | INFO     |   Batch 1950/10342: loss=0.1354
2026-08-09 12:11:15 | INFO     |   Batch 2000/10342: loss=0.1221
2026-08-09 12:11:21 | INFO     |   Batch 2050/10342: loss=0.1065
2026-08-09 12:11:27 | INFO     |   Batch 2100/10342: loss=0.0930
2026-08-09 12:11:32 | INFO     |   Batch 2150/10342: loss=0.0970
2026-08-09 12:11:38 | INFO     |   Batch 2200/10342: loss=0.0698
2026-08-09 12:11:44 | INFO     |   Batch 2250/10342: loss=0.0554
2026-08-09 12:11:50 | INFO     |   Batch 2300/10342: loss=0.0859
2026-08-09 12:11:56 | INFO     |   Batch 2350/10342: loss=0.4406
2026-08-09 12:12:02 | INFO     |   Batch 2400/10342: loss=0.4782
2026-08-09 12:12:08 | INFO     |   Batch 2450/10342: loss=0.6246
2026-08-09 12:12:14 | INFO     |   Batch 2500/10342: loss=0.1948
2026-08-09 12:12:20 | INFO     |   Batch 2550/10342: loss=0.3664
2026-08-09 12:12:26 | INFO     |   Batch 2600/10342: loss=0.6982
2026-08-09 12:12:32 | INFO     |   Batch 2650/10342: loss=0.0725
2026-08-09 12:12:38 | INFO     |   Batch 2700/10342: loss=0.0496
2026-08-09 12:12:44 | INFO     |   Batch 2750/10342: loss=0.0926
2026-08-09 12:12:50 | INFO     |   Batch 2800/10342: loss=0.3610
2026-08-09 12:12:56 | INFO     |   Batch 2850/10342: loss=0.0565
2026-08-09 12:13:02 | INFO     |   Batch 2900/10342: loss=0.2993
2026-08-09 12:13:08 | INFO     |   Batch 2950/10342: loss=0.0753
2026-08-09 12:13:14 | INFO     |   Batch 3000/10342: loss=0.0582
2026-08-09 12:13:20 | INFO     |   Batch 3050/10342: loss=0.0932
2026-08-09 12:13:26 | INFO     |   Batch 3100/10342: loss=0.1432
2026-08-09 12:13:32 | INFO     |   Batch 3150/10342: loss=0.0802
2026-08-09 12:13:38 | INFO     |   Batch 3200/10342: loss=0.0294
2026-08-09 12:13:44 | INFO     |   Batch 3250/10342: loss=0.0316
2026-08-09 12:13:50 | INFO     |   Batch 3300/10342: loss=0.3632
2026-08-09 12:13:56 | INFO     |   Batch 3350/10342: loss=0.0314
2026-08-09 12:14:02 | INFO     |   Batch 3400/10342: loss=0.0323
2026-08-09 12:14:08 | INFO     |   Batch 3450/10342: loss=0.0857
2026-08-09 12:14:14 | INFO     |   Batch 3500/10342: loss=0.1013
2026-08-09 12:14:20 | INFO     |   Batch 3550/10342: loss=0.0345
2026-08-09 12:14:26 | INFO     |   Batch 3600/10342: loss=0.0400
2026-08-09 12:14:32 | INFO     |   Batch 3650/10342: loss=0.0231
2026-08-09 12:14:38 | INFO     |   Batch 3700/10342: loss=0.0344
2026-08-09 12:14:44 | INFO     |   Batch 3750/10342: loss=0.0650
2026-08-09 12:14:49 | INFO     |   Batch 3800/10342: loss=0.0237
2026-08-09 12:14:55 | INFO     |   Batch 3850/10342: loss=0.0498
2026-08-09 12:15:01 | INFO     |   Batch 3900/10342: loss=0.0695
2026-08-09 12:15:07 | INFO     |   Batch 3950/10342: loss=0.0338
2026-08-09 12:15:13 | INFO     |   Batch 4000/10342: loss=0.0773
2026-08-09 12:15:19 | INFO     |   Batch 4050/10342: loss=0.0349
2026-08-09 12:15:25 | INFO     |   Batch 4100/10342: loss=0.4654
2026-08-09 12:15:31 | INFO     |   Batch 4150/10342: loss=0.0157
2026-08-09 12:15:37 | INFO     |   Batch 4200/10342: loss=0.0137
2026-08-09 12:15:43 | INFO     |   Batch 4250/10342: loss=0.0518
2026-08-09 12:15:49 | INFO     |   Batch 4300/10342: loss=0.0463
2026-08-09 12:15:55 | INFO     |   Batch 4350/10342: loss=0.0416
2026-08-09 12:16:01 | INFO     |   Batch 4400/10342: loss=0.0109
2026-08-09 12:16:07 | INFO     |   Batch 4450/10342: loss=0.0336
2026-08-09 12:16:13 | INFO     |   Batch 4500/10342: loss=0.1292
2026-08-09 12:16:19 | INFO     |   Batch 4550/10342: loss=0.0471
2026-08-09 12:16:25 | INFO     |   Batch 4600/10342: loss=0.0913
2026-08-09 12:16:31 | INFO     |   Batch 4650/10342: loss=0.0265
2026-08-09 12:16:37 | INFO     |   Batch 4700/10342: loss=0.1968
2026-08-09 12:16:43 | INFO     |   Batch 4750/10342: loss=0.0282
2026-08-09 12:16:49 | INFO     |   Batch 4800/10342: loss=0.1251
2026-08-09 12:16:55 | INFO     |   Batch 4850/10342: loss=0.0275
2026-08-09 12:17:01 | INFO     |   Batch 4900/10342: loss=0.0157
2026-08-09 12:17:07 | INFO     |   Batch 4950/10342: loss=0.0319
2026-08-09 12:17:13 | INFO     |   Batch 5000/10342: loss=0.0123
2026-08-09 12:17:19 | INFO     |   Batch 5050/10342: loss=0.3999
2026-08-09 12:17:25 | INFO     |   Batch 5100/10342: loss=0.0286
2026-08-09 12:17:31 | INFO     |   Batch 5150/10342: loss=0.0145
2026-08-09 12:17:37 | INFO     |   Batch 5200/10342: loss=0.0074
2026-08-09 12:17:43 | INFO     |   Batch 5250/10342: loss=0.3084
2026-08-09 12:17:49 | INFO     |   Batch 5300/10342: loss=0.0079
2026-08-09 12:17:54 | INFO     |   Batch 5350/10342: loss=0.1874
2026-08-09 12:18:00 | INFO     |   Batch 5400/10342: loss=0.0211
2026-08-09 12:18:06 | INFO     |   Batch 5450/10342: loss=0.0112
2026-08-09 12:18:12 | INFO     |   Batch 5500/10342: loss=0.0075
2026-08-09 12:18:18 | INFO     |   Batch 5550/10342: loss=0.0164
2026-08-09 12:18:24 | INFO     |   Batch 5600/10342: loss=0.0293
2026-08-09 12:18:30 | INFO     |   Batch 5650/10342: loss=0.0138
2026-08-09 12:18:36 | INFO     |   Batch 5700/10342: loss=0.0528
2026-08-09 12:18:42 | INFO     |   Batch 5750/10342: loss=0.0450
2026-08-09 12:18:48 | INFO     |   Batch 5800/10342: loss=0.1628
2026-08-09 12:18:54 | INFO     |   Batch 5850/10342: loss=0.0217
2026-08-09 12:19:00 | INFO     |   Batch 5900/10342: loss=0.0799
2026-08-09 12:19:06 | INFO     |   Batch 5950/10342: loss=0.0133
2026-08-09 12:19:12 | INFO     |   Batch 6000/10342: loss=0.0118
2026-08-09 12:19:18 | INFO     |   Batch 6050/10342: loss=0.0147
2026-08-09 12:19:24 | INFO     |   Batch 6100/10342: loss=0.0116
2026-08-09 12:19:30 | INFO     |   Batch 6150/10342: loss=0.0074
2026-08-09 12:19:36 | INFO     |   Batch 6200/10342: loss=0.0244
2026-08-09 12:19:42 | INFO     |   Batch 6250/10342: loss=0.0113
2026-08-09 12:19:48 | INFO     |   Batch 6300/10342: loss=0.0068
2026-08-09 12:19:54 | INFO     |   Batch 6350/10342: loss=0.0057
2026-08-09 12:20:00 | INFO     |   Batch 6400/10342: loss=0.1213
2026-08-09 12:20:06 | INFO     |   Batch 6450/10342: loss=0.0657
2026-08-09 12:20:12 | INFO     |   Batch 6500/10342: loss=0.0823
2026-08-09 12:20:18 | INFO     |   Batch 6550/10342: loss=0.0130
2026-08-09 12:20:24 | INFO     |   Batch 6600/10342: loss=0.1641
2026-08-09 12:20:30 | INFO     |   Batch 6650/10342: loss=0.0667
2026-08-09 12:20:36 | INFO     |   Batch 6700/10342: loss=0.0066
2026-08-09 12:20:42 | INFO     |   Batch 6750/10342: loss=0.0132
2026-08-09 12:20:48 | INFO     |   Batch 6800/10342: loss=0.0676
2026-08-09 12:20:54 | INFO     |   Batch 6850/10342: loss=0.0365
2026-08-09 12:21:00 | INFO     |   Batch 6900/10342: loss=0.0351
2026-08-09 12:21:06 | INFO     |   Batch 6950/10342: loss=0.0061
2026-08-09 12:21:12 | INFO     |   Batch 7000/10342: loss=0.0052
2026-08-09 12:21:17 | INFO     |   Batch 7050/10342: loss=0.0296
2026-08-09 12:21:23 | INFO     |   Batch 7100/10342: loss=0.0042
2026-08-09 12:21:29 | INFO     |   Batch 7150/10342: loss=0.0242
2026-08-09 12:21:36 | INFO     |   Batch 7200/10342: loss=0.0102
2026-08-09 12:21:41 | INFO     |   Batch 7250/10342: loss=0.0530
2026-08-09 12:21:47 | INFO     |   Batch 7300/10342: loss=0.0096
2026-08-09 12:21:53 | INFO     |   Batch 7350/10342: loss=0.0047
2026-08-09 12:21:59 | INFO     |   Batch 7400/10342: loss=0.0486
2026-08-09 12:22:05 | INFO     |   Batch 7450/10342: loss=0.0055
2026-08-09 12:22:11 | INFO     |   Batch 7500/10342: loss=0.0085
2026-08-09 12:22:17 | INFO     |   Batch 7550/10342: loss=0.0049
2026-08-09 12:22:23 | INFO     |   Batch 7600/10342: loss=0.0093
2026-08-09 12:22:29 | INFO     |   Batch 7650/10342: loss=0.0092
2026-08-09 12:22:35 | INFO     |   Batch 7700/10342: loss=0.0034
2026-08-09 12:22:41 | INFO     |   Batch 7750/10342: loss=0.0056
2026-08-09 12:22:47 | INFO     |   Batch 7800/10342: loss=0.0073
2026-08-09 12:22:53 | INFO     |   Batch 7850/10342: loss=0.0412
2026-08-09 12:22:59 | INFO     |   Batch 7900/10342: loss=0.0151
2026-08-09 12:23:05 | INFO     |   Batch 7950/10342: loss=0.0076
2026-08-09 12:23:11 | INFO     |   Batch 8000/10342: loss=0.2631
2026-08-09 12:23:17 | INFO     |   Batch 8050/10342: loss=0.0085
2026-08-09 12:23:23 | INFO     |   Batch 8100/10342: loss=0.0127
2026-08-09 12:23:29 | INFO     |   Batch 8150/10342: loss=0.2046
2026-08-09 12:23:34 | INFO     |   Batch 8200/10342: loss=0.0601
2026-08-09 12:23:40 | INFO     |   Batch 8250/10342: loss=0.0024
2026-08-09 12:23:46 | INFO     |   Batch 8300/10342: loss=0.0027
2026-08-09 12:23:52 | INFO     |   Batch 8350/10342: loss=0.0046
2026-08-09 12:23:58 | INFO     |   Batch 8400/10342: loss=0.0070
2026-08-09 12:24:04 | INFO     |   Batch 8450/10342: loss=0.0047
2026-08-09 12:24:10 | INFO     |   Batch 8500/10342: loss=0.0036
2026-08-09 12:24:16 | INFO     |   Batch 8550/10342: loss=0.0050
2026-08-09 12:24:22 | INFO     |   Batch 8600/10342: loss=0.0095
2026-08-09 12:24:28 | INFO     |   Batch 8650/10342: loss=0.3073
2026-08-09 12:24:34 | INFO     |   Batch 8700/10342: loss=0.0125
2026-08-09 12:24:40 | INFO     |   Batch 8750/10342: loss=0.0037
2026-08-09 12:24:46 | INFO     |   Batch 8800/10342: loss=0.0074
2026-08-09 12:24:52 | INFO     |   Batch 8850/10342: loss=0.0084
2026-08-09 12:24:58 | INFO     |   Batch 8900/10342: loss=0.0077
2026-08-09 12:25:04 | INFO     |   Batch 8950/10342: loss=0.0025
2026-08-09 12:25:10 | INFO     |   Batch 9000/10342: loss=0.0254
2026-08-09 12:25:16 | INFO     |   Batch 9050/10342: loss=0.0015
2026-08-09 12:25:22 | INFO     |   Batch 9100/10342: loss=0.0049
2026-08-09 12:25:28 | INFO     |   Batch 9150/10342: loss=0.0026
2026-08-09 12:25:34 | INFO     |   Batch 9200/10342: loss=0.0032
2026-08-09 12:25:40 | INFO     |   Batch 9250/10342: loss=0.0070
2026-08-09 12:25:46 | INFO     |   Batch 9300/10342: loss=0.0107
2026-08-09 12:25:52 | INFO     |   Batch 9350/10342: loss=0.0050
2026-08-09 12:25:58 | INFO     |   Batch 9400/10342: loss=0.0071
2026-08-09 12:26:04 | INFO     |   Batch 9450/10342: loss=0.0026
2026-08-09 12:26:10 | INFO     |   Batch 9500/10342: loss=0.0035
2026-08-09 12:26:16 | INFO     |   Batch 9550/10342: loss=0.0140
2026-08-09 12:26:22 | INFO     |   Batch 9600/10342: loss=0.0205
2026-08-09 12:26:28 | INFO     |   Batch 9650/10342: loss=0.0023
2026-08-09 12:26:34 | INFO     |   Batch 9700/10342: loss=0.0026
2026-08-09 12:26:39 | INFO     |   Batch 9750/10342: loss=0.0062
2026-08-09 12:26:45 | INFO     |   Batch 9800/10342: loss=0.0303
2026-08-09 12:26:51 | INFO     |   Batch 9850/10342: loss=0.0040
2026-08-09 12:26:57 | INFO     |   Batch 9900/10342: loss=0.0017
2026-08-09 12:27:03 | INFO     |   Batch 9950/10342: loss=0.0019
2026-08-09 12:27:09 | INFO     |   Batch 10000/10342: loss=0.0234
2026-08-09 12:27:15 | INFO     |   Batch 10050/10342: loss=0.0084
2026-08-09 12:27:21 | INFO     |   Batch 10100/10342: loss=0.0036
2026-08-09 12:27:27 | INFO     |   Batch 10150/10342: loss=0.0024
2026-08-09 12:27:33 | INFO     |   Batch 10200/10342: loss=0.0022
2026-08-09 12:27:39 | INFO     |   Batch 10250/10342: loss=0.0039
2026-08-09 12:27:45 | INFO     |   Batch 10300/10342: loss=0.0053
2026-08-09 12:27:50 | INFO     | Train: loss=0.3303 | F1=0.7224 | Acc=0.9466
2026-08-09 12:29:46 | INFO     | Val:   loss=0.0193 | F1=0.9269 | Acc=0.9975
2026-08-09 12:31:43 | INFO     | Test:  F1=0.9269 | Acc=0.9975 | MCC=0.9974 | Prec=0.9251 | Rec=0.9307
2026-08-09 12:31:43 | INFO     | 
--- Epoch 2/8 ---
2026-08-09 12:31:49 | INFO     |   Batch 50/10342: loss=0.0031
2026-08-09 12:31:55 | INFO     |   Batch 100/10342: loss=0.0030
2026-08-09 12:32:01 | INFO     |   Batch 150/10342: loss=0.0158
2026-08-09 12:32:07 | INFO     |   Batch 200/10342: loss=0.0026
2026-08-09 12:32:13 | INFO     |   Batch 250/10342: loss=0.0296
2026-08-09 12:32:19 | INFO     |   Batch 300/10342: loss=0.0029
2026-08-09 12:32:25 | INFO     |   Batch 350/10342: loss=0.0012
2026-08-09 12:32:31 | INFO     |   Batch 400/10342: loss=0.0011
2026-08-09 12:32:36 | INFO     |   Batch 450/10342: loss=0.0031
2026-08-09 12:32:42 | INFO     |   Batch 500/10342: loss=0.0160
2026-08-09 12:32:48 | INFO     |   Batch 550/10342: loss=0.0036
2026-08-09 12:32:54 | INFO     |   Batch 600/10342: loss=0.1668
2026-08-09 12:33:00 | INFO     |   Batch 650/10342: loss=0.0025
2026-08-09 12:33:06 | INFO     |   Batch 700/10342: loss=0.0008
2026-08-09 12:33:12 | INFO     |   Batch 750/10342: loss=0.0016
2026-08-09 12:33:18 | INFO     |   Batch 800/10342: loss=0.0007
2026-08-09 12:33:24 | INFO     |   Batch 850/10342: loss=0.0362
2026-08-09 12:33:30 | INFO     |   Batch 900/10342: loss=0.0017
2026-08-09 12:33:36 | INFO     |   Batch 950/10342: loss=0.0008
2026-08-09 12:33:42 | INFO     |   Batch 1000/10342: loss=0.1965
2026-08-09 12:33:48 | INFO     |   Batch 1050/10342: loss=0.0020
2026-08-09 12:33:54 | INFO     |   Batch 1100/10342: loss=0.0019
2026-08-09 12:34:00 | INFO     |   Batch 1150/10342: loss=0.0011
2026-08-09 12:34:06 | INFO     |   Batch 1200/10342: loss=0.0024
2026-08-09 12:34:12 | INFO     |   Batch 1250/10342: loss=0.0045
2026-08-09 12:34:18 | INFO     |   Batch 1300/10342: loss=0.0009
2026-08-09 12:34:24 | INFO     |   Batch 1350/10342: loss=0.0031
2026-08-09 12:34:30 | INFO     |   Batch 1400/10342: loss=0.0008
2026-08-09 12:34:36 | INFO     |   Batch 1450/10342: loss=0.0034
2026-08-09 12:34:42 | INFO     |   Batch 1500/10342: loss=0.0019
2026-08-09 12:34:48 | INFO     |   Batch 1550/10342: loss=0.0020
2026-08-09 12:34:54 | INFO     |   Batch 1600/10342: loss=0.0017
2026-08-09 12:35:00 | INFO     |   Batch 1650/10342: loss=0.0016
2026-08-09 12:35:06 | INFO     |   Batch 1700/10342: loss=0.0023
2026-08-09 12:35:12 | INFO     |   Batch 1750/10342: loss=0.0019
2026-08-09 12:35:18 | INFO     |   Batch 1800/10342: loss=0.0073
2026-08-09 12:35:24 | INFO     |   Batch 1850/10342: loss=0.0013
2026-08-09 12:35:30 | INFO     |   Batch 1900/10342: loss=0.0020
2026-08-09 12:35:36 | INFO     |   Batch 1950/10342: loss=0.0010
2026-08-09 12:35:42 | INFO     |   Batch 2000/10342: loss=0.0011
2026-08-09 12:35:48 | INFO     |   Batch 2050/10342: loss=0.0032
2026-08-09 12:35:54 | INFO     |   Batch 2100/10342: loss=0.0024
2026-08-09 12:36:00 | INFO     |   Batch 2150/10342: loss=0.2793
2026-08-09 12:36:06 | INFO     |   Batch 2200/10342: loss=0.0014
2026-08-09 12:36:12 | INFO     |   Batch 2250/10342: loss=0.0066
2026-08-09 12:36:17 | INFO     |   Batch 2300/10342: loss=0.0009
2026-08-09 12:36:23 | INFO     |   Batch 2350/10342: loss=0.0017
2026-08-09 12:36:29 | INFO     |   Batch 2400/10342: loss=0.0005
2026-08-09 12:36:35 | INFO     |   Batch 2450/10342: loss=0.0009
2026-08-09 12:36:41 | INFO     |   Batch 2500/10342: loss=0.1657
2026-08-09 12:36:47 | INFO     |   Batch 2550/10342: loss=0.0022
2026-08-09 12:36:53 | INFO     |   Batch 2600/10342: loss=0.0013
2026-08-09 12:36:59 | INFO     |   Batch 2650/10342: loss=0.0020
2026-08-09 12:37:05 | INFO     |   Batch 2700/10342: loss=0.0808
2026-08-09 12:37:11 | INFO     |   Batch 2750/10342: loss=0.0017
2026-08-09 12:37:17 | INFO     |   Batch 2800/10342: loss=0.0049
2026-08-09 12:37:23 | INFO     |   Batch 2850/10342: loss=0.0018
2026-08-09 12:37:29 | INFO     |   Batch 2900/10342: loss=0.0005
2026-08-09 12:37:35 | INFO     |   Batch 2950/10342: loss=0.0029
2026-08-09 12:37:41 | INFO     |   Batch 3000/10342: loss=0.0014
2026-08-09 12:37:47 | INFO     |   Batch 3050/10342: loss=0.0028
2026-08-09 12:37:53 | INFO     |   Batch 3100/10342: loss=0.1408
2026-08-09 12:37:59 | INFO     |   Batch 3150/10342: loss=0.0049
2026-08-09 12:38:05 | INFO     |   Batch 3200/10342: loss=0.0006
2026-08-09 12:38:11 | INFO     |   Batch 3250/10342: loss=0.0853
2026-08-09 12:38:17 | INFO     |   Batch 3300/10342: loss=0.0065
2026-08-09 12:38:23 | INFO     |   Batch 3350/10342: loss=0.0012
2026-08-09 12:38:29 | INFO     |   Batch 3400/10342: loss=0.0018
2026-08-09 12:38:35 | INFO     |   Batch 3450/10342: loss=0.0012
2026-08-09 12:38:41 | INFO     |   Batch 3500/10342: loss=0.0006
2026-08-09 12:38:47 | INFO     |   Batch 3550/10342: loss=0.0009
2026-08-09 12:38:52 | INFO     |   Batch 3600/10342: loss=0.0012
2026-08-09 12:38:58 | INFO     |   Batch 3650/10342: loss=0.0039
2026-08-09 12:39:04 | INFO     |   Batch 3700/10342: loss=0.0009
2026-08-09 12:39:11 | INFO     |   Batch 3750/10342: loss=0.0010
2026-08-09 12:39:17 | INFO     |   Batch 3800/10342: loss=0.1037
2026-08-09 12:39:22 | INFO     |   Batch 3850/10342: loss=0.0004
2026-08-09 12:39:28 | INFO     |   Batch 3900/10342: loss=0.0004
2026-08-09 12:39:34 | INFO     |   Batch 3950/10342: loss=0.0008
2026-08-09 12:39:40 | INFO     |   Batch 4000/10342: loss=0.0014
2026-08-09 12:39:46 | INFO     |   Batch 4050/10342: loss=0.0476
2026-08-09 12:39:52 | INFO     |   Batch 4100/10342: loss=0.0005
2026-08-09 12:39:58 | INFO     |   Batch 4150/10342: loss=0.0029
2026-08-09 12:40:04 | INFO     |   Batch 4200/10342: loss=0.0006
2026-08-09 12:40:10 | INFO     |   Batch 4250/10342: loss=0.0016
2026-08-09 12:40:16 | INFO     |   Batch 4300/10342: loss=0.0006
2026-08-09 12:40:22 | INFO     |   Batch 4350/10342: loss=0.0013
2026-08-09 12:40:28 | INFO     |   Batch 4400/10342: loss=0.0009
2026-08-09 12:40:34 | INFO     |   Batch 4450/10342: loss=0.0005
2026-08-09 12:40:40 | INFO     |   Batch 4500/10342: loss=0.0006
2026-08-09 12:40:46 | INFO     |   Batch 4550/10342: loss=0.0006
2026-08-09 12:40:52 | INFO     |   Batch 4600/10342: loss=0.0009
2026-08-09 12:40:58 | INFO     |   Batch 4650/10342: loss=0.0005
2026-08-09 12:41:04 | INFO     |   Batch 4700/10342: loss=0.0003
2026-08-09 12:41:10 | INFO     |   Batch 4750/10342: loss=0.0010
2026-08-09 12:41:16 | INFO     |   Batch 4800/10342: loss=0.0013
2026-08-09 12:41:22 | INFO     |   Batch 4850/10342: loss=0.0005
2026-08-09 12:41:28 | INFO     |   Batch 4900/10342: loss=0.0016
2026-08-09 12:41:34 | INFO     |   Batch 4950/10342: loss=0.0028
2026-08-09 12:41:40 | INFO     |   Batch 5000/10342: loss=0.0045
2026-08-09 12:41:46 | INFO     |   Batch 5050/10342: loss=0.0006
2026-08-09 12:41:52 | INFO     |   Batch 5100/10342: loss=0.0014
2026-08-09 12:41:58 | INFO     |   Batch 5150/10342: loss=0.0053
2026-08-09 12:42:04 | INFO     |   Batch 5200/10342: loss=0.0038
2026-08-09 12:42:10 | INFO     |   Batch 5250/10342: loss=0.0007
2026-08-09 12:42:15 | INFO     |   Batch 5300/10342: loss=0.0053
2026-08-09 12:42:21 | INFO     |   Batch 5350/10342: loss=0.0032
2026-08-09 12:42:27 | INFO     |   Batch 5400/10342: loss=0.0013
2026-08-09 12:42:33 | INFO     |   Batch 5450/10342: loss=0.0009
2026-08-09 12:42:39 | INFO     |   Batch 5500/10342: loss=0.3642
2026-08-09 12:42:45 | INFO     |   Batch 5550/10342: loss=0.0010
2026-08-09 12:42:51 | INFO     |   Batch 5600/10342: loss=0.0002
2026-08-09 12:42:57 | INFO     |   Batch 5650/10342: loss=0.0004
2026-08-09 12:43:03 | INFO     |   Batch 5700/10342: loss=0.0003
2026-08-09 12:43:09 | INFO     |   Batch 5750/10342: loss=0.0022
2026-08-09 12:43:15 | INFO     |   Batch 5800/10342: loss=0.0005
2026-08-09 12:43:21 | INFO     |   Batch 5850/10342: loss=0.0010
2026-08-09 12:43:27 | INFO     |   Batch 5900/10342: loss=0.0014
2026-08-09 12:43:33 | INFO     |   Batch 5950/10342: loss=0.0008
2026-08-09 12:43:39 | INFO     |   Batch 6000/10342: loss=0.0004
2026-08-09 12:43:45 | INFO     |   Batch 6050/10342: loss=0.0007
2026-08-09 12:43:51 | INFO     |   Batch 6100/10342: loss=0.0002
2026-08-09 12:43:57 | INFO     |   Batch 6150/10342: loss=0.0314
2026-08-09 12:44:03 | INFO     |   Batch 6200/10342: loss=0.0021
2026-08-09 12:44:09 | INFO     |   Batch 6250/10342: loss=0.0006
2026-08-09 12:44:15 | INFO     |   Batch 6300/10342: loss=0.0110
2026-08-09 12:44:21 | INFO     |   Batch 6350/10342: loss=0.0048
2026-08-09 12:44:27 | INFO     |   Batch 6400/10342: loss=0.0004
2026-08-09 12:44:33 | INFO     |   Batch 6450/10342: loss=0.0288
2026-08-09 12:44:39 | INFO     |   Batch 6500/10342: loss=0.0002
2026-08-09 12:44:44 | INFO     |   Batch 6550/10342: loss=0.0004
2026-08-09 12:44:50 | INFO     |   Batch 6600/10342: loss=0.0008
2026-08-09 12:44:56 | INFO     |   Batch 6650/10342: loss=0.0007
2026-08-09 12:45:02 | INFO     |   Batch 6700/10342: loss=0.0045
2026-08-09 12:45:08 | INFO     |   Batch 6750/10342: loss=0.0362
2026-08-09 12:45:14 | INFO     |   Batch 6800/10342: loss=0.0010
2026-08-09 12:45:20 | INFO     |   Batch 6850/10342: loss=0.0004
2026-08-09 12:45:26 | INFO     |   Batch 6900/10342: loss=0.0012
2026-08-09 12:45:32 | INFO     |   Batch 6950/10342: loss=0.0012
2026-08-09 12:45:38 | INFO     |   Batch 7000/10342: loss=0.0008
2026-08-09 12:45:44 | INFO     |   Batch 7050/10342: loss=0.0004
2026-08-09 12:45:50 | INFO     |   Batch 7100/10342: loss=0.0004
2026-08-09 12:45:56 | INFO     |   Batch 7150/10342: loss=0.0001
2026-08-09 12:46:02 | INFO     |   Batch 7200/10342: loss=0.0001
2026-08-09 12:46:08 | INFO     |   Batch 7250/10342: loss=0.0006
2026-08-09 12:46:14 | INFO     |   Batch 7300/10342: loss=0.0005
2026-08-09 12:46:20 | INFO     |   Batch 7350/10342: loss=0.0002
2026-08-09 12:46:26 | INFO     |   Batch 7400/10342: loss=0.0005
2026-08-09 12:46:32 | INFO     |   Batch 7450/10342: loss=0.0007
2026-08-09 12:46:38 | INFO     |   Batch 7500/10342: loss=0.0006
2026-08-09 12:46:44 | INFO     |   Batch 7550/10342: loss=0.0009
2026-08-09 12:46:50 | INFO     |   Batch 7600/10342: loss=0.0007
2026-08-09 12:46:56 | INFO     |   Batch 7650/10342: loss=0.0035
2026-08-09 12:47:02 | INFO     |   Batch 7700/10342: loss=0.0006
2026-08-09 12:47:08 | INFO     |   Batch 7750/10342: loss=0.0023
2026-08-09 12:47:14 | INFO     |   Batch 7800/10342: loss=0.0109
2026-08-09 12:47:20 | INFO     |   Batch 7850/10342: loss=0.0003
2026-08-09 12:47:26 | INFO     |   Batch 7900/10342: loss=0.0007
2026-08-09 12:47:32 | INFO     |   Batch 7950/10342: loss=0.0004
2026-08-09 12:47:38 | INFO     |   Batch 8000/10342: loss=0.0003
2026-08-09 12:47:44 | INFO     |   Batch 8050/10342: loss=0.0014
2026-08-09 12:47:49 | INFO     |   Batch 8100/10342: loss=0.0032
2026-08-09 12:47:55 | INFO     |   Batch 8150/10342: loss=0.0004
2026-08-09 12:48:01 | INFO     |   Batch 8200/10342: loss=0.0002
2026-08-09 12:48:07 | INFO     |   Batch 8250/10342: loss=0.0198
2026-08-09 12:48:13 | INFO     |   Batch 8300/10342: loss=0.0005
2026-08-09 12:48:19 | INFO     |   Batch 8350/10342: loss=0.0003
2026-08-09 12:48:25 | INFO     |   Batch 8400/10342: loss=0.0003
2026-08-09 12:48:31 | INFO     |   Batch 8450/10342: loss=0.0014
2026-08-09 12:48:37 | INFO     |   Batch 8500/10342: loss=0.0008
2026-08-09 12:48:43 | INFO     |   Batch 8550/10342: loss=0.0005
2026-08-09 12:48:49 | INFO     |   Batch 8600/10342: loss=0.0187
2026-08-09 12:48:55 | INFO     |   Batch 8650/10342: loss=0.0012
2026-08-09 12:49:01 | INFO     |   Batch 8700/10342: loss=0.0009
2026-08-09 12:49:07 | INFO     |   Batch 8750/10342: loss=0.0004
2026-08-09 12:49:13 | INFO     |   Batch 8800/10342: loss=0.0004
2026-08-09 12:49:19 | INFO     |   Batch 8850/10342: loss=0.0005
2026-08-09 12:49:25 | INFO     |   Batch 8900/10342: loss=0.0009
2026-08-09 12:49:31 | INFO     |   Batch 8950/10342: loss=0.0002
2026-08-09 12:49:37 | INFO     |   Batch 9000/10342: loss=0.0006
2026-08-09 12:49:43 | INFO     |   Batch 9050/10342: loss=0.0007
2026-08-09 12:49:49 | INFO     |   Batch 9100/10342: loss=0.4750
2026-08-09 12:49:55 | INFO     |   Batch 9150/10342: loss=0.4561
2026-08-09 12:50:01 | INFO     |   Batch 9200/10342: loss=0.0016
2026-08-09 12:50:07 | INFO     |   Batch 9250/10342: loss=0.0003
2026-08-09 12:50:13 | INFO     |   Batch 9300/10342: loss=0.0503
2026-08-09 12:50:19 | INFO     |   Batch 9350/10342: loss=0.0002
2026-08-09 12:50:25 | INFO     |   Batch 9400/10342: loss=0.0005
2026-08-09 12:50:31 | INFO     |   Batch 9450/10342: loss=0.0001
2026-08-09 12:50:37 | INFO     |   Batch 9500/10342: loss=0.0001
2026-08-09 12:50:43 | INFO     |   Batch 9550/10342: loss=0.0005
2026-08-09 12:50:49 | INFO     |   Batch 9600/10342: loss=0.0005
2026-08-09 12:50:54 | INFO     |   Batch 9650/10342: loss=0.0004
2026-08-09 12:51:00 | INFO     |   Batch 9700/10342: loss=0.0002
2026-08-09 12:51:06 | INFO     |   Batch 9750/10342: loss=0.0003
2026-08-09 12:51:12 | INFO     |   Batch 9800/10342: loss=0.0002
2026-08-09 12:51:18 | INFO     |   Batch 9850/10342: loss=0.0001
2026-08-09 12:51:24 | INFO     |   Batch 9900/10342: loss=0.0004
2026-08-09 12:51:30 | INFO     |   Batch 9950/10342: loss=0.0009
2026-08-09 12:51:36 | INFO     |   Batch 10000/10342: loss=0.0001
2026-08-09 12:51:42 | INFO     |   Batch 10050/10342: loss=0.0002
2026-08-09 12:51:48 | INFO     |   Batch 10100/10342: loss=0.0003
2026-08-09 12:51:54 | INFO     |   Batch 10150/10342: loss=0.0003
2026-08-09 12:52:00 | INFO     |   Batch 10200/10342: loss=0.0004
2026-08-09 12:52:06 | INFO     |   Batch 10250/10342: loss=0.2392
2026-08-09 12:52:12 | INFO     |   Batch 10300/10342: loss=0.0012
2026-08-09 12:52:17 | INFO     | Train: loss=0.0120 | F1=0.9353 | Acc=0.9983
2026-08-09 12:54:13 | INFO     | Val:   loss=0.0096 | F1=0.9586 | Acc=0.9978
2026-08-09 12:56:09 | INFO     | Test:  F1=0.9586 | Acc=0.9978 | MCC=0.9977 | Prec=0.9609 | Rec=0.9590
2026-08-09 12:56:09 | INFO     | 
--- Epoch 3/8 ---
2026-08-09 12:56:15 | INFO     |   Batch 50/10342: loss=0.0151
2026-08-09 12:56:20 | INFO     |   Batch 100/10342: loss=0.0002
2026-08-09 12:56:26 | INFO     |   Batch 150/10342: loss=0.0003
2026-08-09 12:56:32 | INFO     |   Batch 200/10342: loss=0.0000
2026-08-09 12:56:38 | INFO     |   Batch 250/10342: loss=0.0002
2026-08-09 12:56:44 | INFO     |   Batch 300/10342: loss=0.0002
2026-08-09 12:56:50 | INFO     |   Batch 350/10342: loss=0.0024
2026-08-09 12:56:56 | INFO     |   Batch 400/10342: loss=0.0011
2026-08-09 12:57:02 | INFO     |   Batch 450/10342: loss=0.0003
2026-08-09 12:57:08 | INFO     |   Batch 500/10342: loss=0.0003
2026-08-09 12:57:14 | INFO     |   Batch 550/10342: loss=0.0002
2026-08-09 12:57:20 | INFO     |   Batch 600/10342: loss=0.0005
2026-08-09 12:57:26 | INFO     |   Batch 650/10342: loss=0.0237
2026-08-09 12:57:32 | INFO     |   Batch 700/10342: loss=0.0343
2026-08-09 12:57:38 | INFO     |   Batch 750/10342: loss=0.0003
2026-08-09 12:57:44 | INFO     |   Batch 800/10342: loss=0.0004
2026-08-09 12:57:50 | INFO     |   Batch 850/10342: loss=0.0562
2026-08-09 12:57:56 | INFO     |   Batch 900/10342: loss=0.0002
2026-08-09 12:58:02 | INFO     |   Batch 950/10342: loss=0.0003
2026-08-09 12:58:08 | INFO     |   Batch 1000/10342: loss=0.0003
2026-08-09 12:58:14 | INFO     |   Batch 1050/10342: loss=0.0002
2026-08-09 12:58:20 | INFO     |   Batch 1100/10342: loss=0.0016
2026-08-09 12:58:26 | INFO     |   Batch 1150/10342: loss=0.0003
2026-08-09 12:58:32 | INFO     |   Batch 1200/10342: loss=0.0002
2026-08-09 12:58:38 | INFO     |   Batch 1250/10342: loss=0.0002
2026-08-09 12:58:44 | INFO     |   Batch 1300/10342: loss=0.0004
2026-08-09 12:58:50 | INFO     |   Batch 1350/10342: loss=0.0003
2026-08-09 12:58:56 | INFO     |   Batch 1400/10342: loss=0.0003
2026-08-09 12:59:02 | INFO     |   Batch 1450/10342: loss=0.0013
2026-08-09 12:59:08 | INFO     |   Batch 1500/10342: loss=0.0012
2026-08-09 12:59:14 | INFO     |   Batch 1550/10342: loss=0.0006
2026-08-09 12:59:20 | INFO     |   Batch 1600/10342: loss=0.0096
2026-08-09 12:59:26 | INFO     |   Batch 1650/10342: loss=0.0046
2026-08-09 12:59:31 | INFO     |   Batch 1700/10342: loss=0.0003
2026-08-09 12:59:37 | INFO     |   Batch 1750/10342: loss=0.0006
2026-08-09 12:59:43 | INFO     |   Batch 1800/10342: loss=0.0005
2026-08-09 12:59:49 | INFO     |   Batch 1850/10342: loss=0.0003
2026-08-09 12:59:55 | INFO     |   Batch 1900/10342: loss=0.0002
2026-08-09 13:00:01 | INFO     |   Batch 1950/10342: loss=0.0003
2026-08-09 13:00:07 | INFO     |   Batch 2000/10342: loss=0.0003
2026-08-09 13:00:13 | INFO     |   Batch 2050/10342: loss=0.0002
2026-08-09 13:00:19 | INFO     |   Batch 2100/10342: loss=0.4353
2026-08-09 13:00:25 | INFO     |   Batch 2150/10342: loss=0.0003
2026-08-09 13:00:31 | INFO     |   Batch 2200/10342: loss=0.0001
2026-08-09 13:00:37 | INFO     |   Batch 2250/10342: loss=0.0002
2026-08-09 13:00:43 | INFO     |   Batch 2300/10342: loss=0.0002
2026-08-09 13:00:49 | INFO     |   Batch 2350/10342: loss=0.0002
2026-08-09 13:00:55 | INFO     |   Batch 2400/10342: loss=0.0002
2026-08-09 13:01:01 | INFO     |   Batch 2450/10342: loss=0.0002
2026-08-09 13:01:07 | INFO     |   Batch 2500/10342: loss=0.0005
2026-08-09 13:01:13 | INFO     |   Batch 2550/10342: loss=0.0002
2026-08-09 13:01:19 | INFO     |   Batch 2600/10342: loss=0.0002
2026-08-09 13:01:25 | INFO     |   Batch 2650/10342: loss=0.0004
2026-08-09 13:01:31 | INFO     |   Batch 2700/10342: loss=0.0002
2026-08-09 13:01:37 | INFO     |   Batch 2750/10342: loss=0.0005
2026-08-09 13:01:43 | INFO     |   Batch 2800/10342: loss=0.0003
2026-08-09 13:01:49 | INFO     |   Batch 2850/10342: loss=0.0002
2026-08-09 13:01:55 | INFO     |   Batch 2900/10342: loss=0.0003
2026-08-09 13:02:01 | INFO     |   Batch 2950/10342: loss=0.0031
2026-08-09 13:02:07 | INFO     |   Batch 3000/10342: loss=0.0003
2026-08-09 13:02:12 | INFO     |   Batch 3050/10342: loss=0.0002
2026-08-09 13:02:18 | INFO     |   Batch 3100/10342: loss=0.0001
2026-08-09 13:02:24 | INFO     |   Batch 3150/10342: loss=0.0002
2026-08-09 13:02:30 | INFO     |   Batch 3200/10342: loss=0.0006
2026-08-09 13:02:36 | INFO     |   Batch 3250/10342: loss=0.0001
2026-08-09 13:02:42 | INFO     |   Batch 3300/10342: loss=0.0001
2026-08-09 13:02:48 | INFO     |   Batch 3350/10342: loss=0.0002
2026-08-09 13:02:54 | INFO     |   Batch 3400/10342: loss=0.0003
2026-08-09 13:03:00 | INFO     |   Batch 3450/10342: loss=0.0004
2026-08-09 13:03:06 | INFO     |   Batch 3500/10342: loss=0.0006
2026-08-09 13:03:12 | INFO     |   Batch 3550/10342: loss=0.0002
2026-08-09 13:03:18 | INFO     |   Batch 3600/10342: loss=0.0008
2026-08-09 13:03:24 | INFO     |   Batch 3650/10342: loss=0.0003
2026-08-09 13:03:30 | INFO     |   Batch 3700/10342: loss=0.0003
2026-08-09 13:03:36 | INFO     |   Batch 3750/10342: loss=0.0003
2026-08-09 13:03:42 | INFO     |   Batch 3800/10342: loss=0.0012
2026-08-09 13:03:48 | INFO     |   Batch 3850/10342: loss=0.0002
2026-08-09 13:03:54 | INFO     |   Batch 3900/10342: loss=0.0001
2026-08-09 13:04:00 | INFO     |   Batch 3950/10342: loss=0.0001
2026-08-09 13:04:06 | INFO     |   Batch 4000/10342: loss=0.0005
2026-08-09 13:04:12 | INFO     |   Batch 4050/10342: loss=0.0002
2026-08-09 13:04:18 | INFO     |   Batch 4100/10342: loss=0.0002
2026-08-09 13:04:24 | INFO     |   Batch 4150/10342: loss=0.0006
2026-08-09 13:04:30 | INFO     |   Batch 4200/10342: loss=0.0003
2026-08-09 13:04:36 | INFO     |   Batch 4250/10342: loss=0.0001
2026-08-09 13:04:42 | INFO     |   Batch 4300/10342: loss=0.0002
2026-08-09 13:04:48 | INFO     |   Batch 4350/10342: loss=0.0002
2026-08-09 13:04:53 | INFO     |   Batch 4400/10342: loss=0.0001
2026-08-09 13:04:59 | INFO     |   Batch 4450/10342: loss=0.0001
2026-08-09 13:05:06 | INFO     |   Batch 4500/10342: loss=0.0015
2026-08-09 13:05:12 | INFO     |   Batch 4550/10342: loss=0.0001
2026-08-09 13:05:17 | INFO     |   Batch 4600/10342: loss=0.0008
2026-08-09 13:05:23 | INFO     |   Batch 4650/10342: loss=0.0052
2026-08-09 13:05:29 | INFO     |   Batch 4700/10342: loss=0.0003
2026-08-09 13:05:35 | INFO     |   Batch 4750/10342: loss=0.0001
2026-08-09 13:05:41 | INFO     |   Batch 4800/10342: loss=0.0002
2026-08-09 13:05:47 | INFO     |   Batch 4850/10342: loss=0.0001
2026-08-09 13:05:53 | INFO     |   Batch 4900/10342: loss=0.0023
2026-08-09 13:05:59 | INFO     |   Batch 4950/10342: loss=0.0003
2026-08-09 13:06:05 | INFO     |   Batch 5000/10342: loss=0.0002
2026-08-09 13:06:11 | INFO     |   Batch 5050/10342: loss=0.0001
2026-08-09 13:06:17 | INFO     |   Batch 5100/10342: loss=0.0002
2026-08-09 13:06:23 | INFO     |   Batch 5150/10342: loss=0.0004
2026-08-09 13:06:29 | INFO     |   Batch 5200/10342: loss=0.0038
2026-08-09 13:06:35 | INFO     |   Batch 5250/10342: loss=0.7689
2026-08-09 13:06:41 | INFO     |   Batch 5300/10342: loss=0.0002
2026-08-09 13:06:47 | INFO     |   Batch 5350/10342: loss=0.0003
2026-08-09 13:06:53 | INFO     |   Batch 5400/10342: loss=0.0001
2026-08-09 13:06:59 | INFO     |   Batch 5450/10342: loss=0.0017
2026-08-09 13:07:05 | INFO     |   Batch 5500/10342: loss=0.0002
2026-08-09 13:07:11 | INFO     |   Batch 5550/10342: loss=0.0002
2026-08-09 13:07:17 | INFO     |   Batch 5600/10342: loss=0.0007
2026-08-09 13:07:23 | INFO     |   Batch 5650/10342: loss=0.0007
2026-08-09 13:07:29 | INFO     |   Batch 5700/10342: loss=0.0002
2026-08-09 13:07:35 | INFO     |   Batch 5750/10342: loss=0.0001
2026-08-09 13:07:40 | INFO     |   Batch 5800/10342: loss=0.0001
2026-08-09 13:07:46 | INFO     |   Batch 5850/10342: loss=0.0000
2026-08-09 13:07:52 | INFO     |   Batch 5900/10342: loss=0.0059
2026-08-09 13:07:58 | INFO     |   Batch 5950/10342: loss=0.0001
2026-08-09 13:08:04 | INFO     |   Batch 6000/10342: loss=0.0001
2026-08-09 13:08:10 | INFO     |   Batch 6050/10342: loss=0.0002
2026-08-09 13:08:16 | INFO     |   Batch 6100/10342: loss=0.0004
2026-08-09 13:08:22 | INFO     |   Batch 6150/10342: loss=0.0119
2026-08-09 13:08:28 | INFO     |   Batch 6200/10342: loss=0.0003
2026-08-09 13:08:34 | INFO     |   Batch 6250/10342: loss=0.0002
2026-08-09 13:08:40 | INFO     |   Batch 6300/10342: loss=0.0005
2026-08-09 13:08:46 | INFO     |   Batch 6350/10342: loss=0.0001
2026-08-09 13:08:52 | INFO     |   Batch 6400/10342: loss=0.0001
2026-08-09 13:08:58 | INFO     |   Batch 6450/10342: loss=0.0012
2026-08-09 13:09:04 | INFO     |   Batch 6500/10342: loss=0.0003
2026-08-09 13:09:10 | INFO     |   Batch 6550/10342: loss=0.0046
2026-08-09 13:09:16 | INFO     |   Batch 6600/10342: loss=0.0055
2026-08-09 13:09:22 | INFO     |   Batch 6650/10342: loss=0.0001
2026-08-09 13:09:28 | INFO     |   Batch 6700/10342: loss=0.0002
2026-08-09 13:09:34 | INFO     |   Batch 6750/10342: loss=0.0001
2026-08-09 13:09:40 | INFO     |   Batch 6800/10342: loss=0.0002
2026-08-09 13:09:46 | INFO     |   Batch 6850/10342: loss=0.0002
2026-08-09 13:09:52 | INFO     |   Batch 6900/10342: loss=0.0002
2026-08-09 13:09:58 | INFO     |   Batch 6950/10342: loss=0.0005
2026-08-09 13:10:04 | INFO     |   Batch 7000/10342: loss=0.0001
2026-08-09 13:10:10 | INFO     |   Batch 7050/10342: loss=0.0002
2026-08-09 13:10:16 | INFO     |   Batch 7100/10342: loss=0.0001
2026-08-09 13:10:22 | INFO     |   Batch 7150/10342: loss=0.0001
2026-08-09 13:10:28 | INFO     |   Batch 7200/10342: loss=0.0002
2026-08-09 13:10:34 | INFO     |   Batch 7250/10342: loss=0.0001
2026-08-09 13:10:40 | INFO     |   Batch 7300/10342: loss=0.0003
2026-08-09 13:10:45 | INFO     |   Batch 7350/10342: loss=0.0005
2026-08-09 13:10:51 | INFO     |   Batch 7400/10342: loss=0.0001
2026-08-09 13:10:57 | INFO     |   Batch 7450/10342: loss=0.0002
2026-08-09 13:11:03 | INFO     |   Batch 7500/10342: loss=0.0001
2026-08-09 13:11:09 | INFO     |   Batch 7550/10342: loss=0.0001
2026-08-09 13:11:15 | INFO     |   Batch 7600/10342: loss=0.0002
2026-08-09 13:11:21 | INFO     |   Batch 7650/10342: loss=0.0002
2026-08-09 13:11:27 | INFO     |   Batch 7700/10342: loss=0.0004
2026-08-09 13:11:33 | INFO     |   Batch 7750/10342: loss=0.0001
2026-08-09 13:11:39 | INFO     |   Batch 7800/10342: loss=0.0002
2026-08-09 13:11:45 | INFO     |   Batch 7850/10342: loss=0.0002
2026-08-09 13:11:51 | INFO     |   Batch 7900/10342: loss=0.0003
2026-08-09 13:11:57 | INFO     |   Batch 7950/10342: loss=0.0000
2026-08-09 13:12:03 | INFO     |   Batch 8000/10342: loss=0.0002
2026-08-09 13:12:09 | INFO     |   Batch 8050/10342: loss=0.0001
2026-08-09 13:12:15 | INFO     |   Batch 8100/10342: loss=0.0000
2026-08-09 13:12:21 | INFO     |   Batch 8150/10342: loss=0.0001
2026-08-09 13:12:27 | INFO     |   Batch 8200/10342: loss=0.0000
2026-08-09 13:12:33 | INFO     |   Batch 8250/10342: loss=0.0003
2026-08-09 13:12:39 | INFO     |   Batch 8300/10342: loss=0.0003
2026-08-09 13:12:45 | INFO     |   Batch 8350/10342: loss=0.0010
2026-08-09 13:12:51 | INFO     |   Batch 8400/10342: loss=0.0001
2026-08-09 13:12:57 | INFO     |   Batch 8450/10342: loss=0.0001
2026-08-09 13:13:03 | INFO     |   Batch 8500/10342: loss=0.0047
2026-08-09 13:13:09 | INFO     |   Batch 8550/10342: loss=0.0003
2026-08-09 13:13:15 | INFO     |   Batch 8600/10342: loss=0.0009
2026-08-09 13:13:20 | INFO     |   Batch 8650/10342: loss=0.0001
2026-08-09 13:13:26 | INFO     |   Batch 8700/10342: loss=0.0003
2026-08-09 13:13:32 | INFO     |   Batch 8750/10342: loss=0.0132
2026-08-09 13:13:38 | INFO     |   Batch 8800/10342: loss=0.0001
2026-08-09 13:13:44 | INFO     |   Batch 8850/10342: loss=0.0002
2026-08-09 13:13:50 | INFO     |   Batch 8900/10342: loss=0.0001
2026-08-09 13:13:56 | INFO     |   Batch 8950/10342: loss=0.0001
2026-08-09 13:14:02 | INFO     |   Batch 9000/10342: loss=0.0001
2026-08-09 13:14:08 | INFO     |   Batch 9050/10342: loss=0.0011
2026-08-09 13:14:14 | INFO     |   Batch 9100/10342: loss=0.0002
2026-08-09 13:14:20 | INFO     |   Batch 9150/10342: loss=0.0001
2026-08-09 13:14:26 | INFO     |   Batch 9200/10342: loss=0.0001
2026-08-09 13:14:32 | INFO     |   Batch 9250/10342: loss=0.0001
2026-08-09 13:14:38 | INFO     |   Batch 9300/10342: loss=0.0002
2026-08-09 13:14:44 | INFO     |   Batch 9350/10342: loss=0.0002
2026-08-09 13:14:50 | INFO     |   Batch 9400/10342: loss=0.0033
2026-08-09 13:14:56 | INFO     |   Batch 9450/10342: loss=0.0001
2026-08-09 13:15:02 | INFO     |   Batch 9500/10342: loss=0.0001
2026-08-09 13:15:08 | INFO     |   Batch 9550/10342: loss=0.0002
2026-08-09 13:15:14 | INFO     |   Batch 9600/10342: loss=0.0001
2026-08-09 13:15:20 | INFO     |   Batch 9650/10342: loss=0.0001
2026-08-09 13:15:26 | INFO     |   Batch 9700/10342: loss=0.0003
2026-08-09 13:15:32 | INFO     |   Batch 9750/10342: loss=0.0003
2026-08-09 13:15:38 | INFO     |   Batch 9800/10342: loss=0.0004
2026-08-09 13:15:44 | INFO     |   Batch 9850/10342: loss=0.0002
2026-08-09 13:15:50 | INFO     |   Batch 9900/10342: loss=0.0002
2026-08-09 13:15:56 | INFO     |   Batch 9950/10342: loss=0.0001
2026-08-09 13:16:02 | INFO     |   Batch 10000/10342: loss=0.0069
2026-08-09 13:16:07 | INFO     |   Batch 10050/10342: loss=0.0001
2026-08-09 13:16:13 | INFO     |   Batch 10100/10342: loss=0.0001
2026-08-09 13:16:19 | INFO     |   Batch 10150/10342: loss=0.0003
2026-08-09 13:16:25 | INFO     |   Batch 10200/10342: loss=0.0001
2026-08-09 13:16:31 | INFO     |   Batch 10250/10342: loss=0.0001
2026-08-09 13:16:37 | INFO     |   Batch 10300/10342: loss=0.0001
2026-08-09 13:16:43 | INFO     | Train: loss=0.0046 | F1=0.9615 | Acc=0.9988
2026-08-09 13:18:38 | INFO     | Val:   loss=0.0106 | F1=0.9873 | Acc=0.9980
2026-08-09 13:20:34 | INFO     | Test:  F1=0.9873 | Acc=0.9980 | MCC=0.9980 | Prec=0.9873 | Rec=0.9874
2026-08-09 13:20:34 | INFO     | 
--- Epoch 4/8 ---
2026-08-09 13:20:40 | INFO     |   Batch 50/10342: loss=0.0001
2026-08-09 13:20:46 | INFO     |   Batch 100/10342: loss=0.0001
2026-08-09 13:20:52 | INFO     |   Batch 150/10342: loss=0.0001
2026-08-09 13:20:58 | INFO     |   Batch 200/10342: loss=0.0001
2026-08-09 13:21:04 | INFO     |   Batch 250/10342: loss=0.0001
2026-08-09 13:21:10 | INFO     |   Batch 300/10342: loss=0.0001
2026-08-09 13:21:16 | INFO     |   Batch 350/10342: loss=0.0001
2026-08-09 13:21:22 | INFO     |   Batch 400/10342: loss=0.0001
2026-08-09 13:21:28 | INFO     |   Batch 450/10342: loss=0.0000
2026-08-09 13:21:34 | INFO     |   Batch 500/10342: loss=0.0030
2026-08-09 13:21:40 | INFO     |   Batch 550/10342: loss=0.0001
2026-08-09 13:21:46 | INFO     |   Batch 600/10342: loss=0.0001
2026-08-09 13:21:52 | INFO     |   Batch 650/10342: loss=0.0001
2026-08-09 13:21:58 | INFO     |   Batch 700/10342: loss=0.0001
2026-08-09 13:22:04 | INFO     |   Batch 750/10342: loss=0.0002
2026-08-09 13:22:10 | INFO     |   Batch 800/10342: loss=0.0026
2026-08-09 13:22:16 | INFO     |   Batch 850/10342: loss=0.0001
2026-08-09 13:22:22 | INFO     |   Batch 900/10342: loss=0.0002
2026-08-09 13:22:28 | INFO     |   Batch 950/10342: loss=0.0004
2026-08-09 13:22:33 | INFO     |   Batch 1000/10342: loss=0.0001
2026-08-09 13:22:39 | INFO     |   Batch 1050/10342: loss=0.0002
2026-08-09 13:22:45 | INFO     |   Batch 1100/10342: loss=0.0001
2026-08-09 13:22:51 | INFO     |   Batch 1150/10342: loss=0.0001
2026-08-09 13:22:57 | INFO     |   Batch 1200/10342: loss=0.0001
2026-08-09 13:23:03 | INFO     |   Batch 1250/10342: loss=0.0000
2026-08-09 13:23:09 | INFO     |   Batch 1300/10342: loss=0.0002
2026-08-09 13:23:15 | INFO     |   Batch 1350/10342: loss=0.0047
2026-08-09 13:23:21 | INFO     |   Batch 1400/10342: loss=0.0001
2026-08-09 13:23:27 | INFO     |   Batch 1450/10342: loss=0.0001
2026-08-09 13:23:33 | INFO     |   Batch 1500/10342: loss=0.0001
2026-08-09 13:23:39 | INFO     |   Batch 1550/10342: loss=0.0001
2026-08-09 13:23:45 | INFO     |   Batch 1600/10342: loss=0.0002
2026-08-09 13:23:51 | INFO     |   Batch 1650/10342: loss=0.0002
2026-08-09 13:23:57 | INFO     |   Batch 1700/10342: loss=0.0001
2026-08-09 13:24:03 | INFO     |   Batch 1750/10342: loss=0.0002
2026-08-09 13:24:09 | INFO     |   Batch 1800/10342: loss=0.0001
2026-08-09 13:24:15 | INFO     |   Batch 1850/10342: loss=0.0001
2026-08-09 13:24:21 | INFO     |   Batch 1900/10342: loss=0.0004
2026-08-09 13:24:27 | INFO     |   Batch 1950/10342: loss=0.0001
2026-08-09 13:24:33 | INFO     |   Batch 2000/10342: loss=0.0001
2026-08-09 13:24:39 | INFO     |   Batch 2050/10342: loss=0.0001
2026-08-09 13:24:45 | INFO     |   Batch 2100/10342: loss=0.0001
2026-08-09 13:24:51 | INFO     |   Batch 2150/10342: loss=0.0001
2026-08-09 13:24:56 | INFO     |   Batch 2200/10342: loss=0.0001
2026-08-09 13:25:02 | INFO     |   Batch 2250/10342: loss=0.0001
2026-08-09 13:25:08 | INFO     |   Batch 2300/10342: loss=0.0001
2026-08-09 13:25:14 | INFO     |   Batch 2350/10342: loss=0.0002
2026-08-09 13:25:20 | INFO     |   Batch 2400/10342: loss=0.0024
2026-08-09 13:25:26 | INFO     |   Batch 2450/10342: loss=0.0001
2026-08-09 13:25:32 | INFO     |   Batch 2500/10342: loss=0.0002
2026-08-09 13:25:38 | INFO     |   Batch 2550/10342: loss=0.1686
2026-08-09 13:25:44 | INFO     |   Batch 2600/10342: loss=0.0001
2026-08-09 13:25:50 | INFO     |   Batch 2650/10342: loss=0.0002
2026-08-09 13:25:56 | INFO     |   Batch 2700/10342: loss=0.0001
2026-08-09 13:26:02 | INFO     |   Batch 2750/10342: loss=0.0001
2026-08-09 13:26:08 | INFO     |   Batch 2800/10342: loss=0.0002
2026-08-09 13:26:14 | INFO     |   Batch 2850/10342: loss=0.0001
2026-08-09 13:26:20 | INFO     |   Batch 2900/10342: loss=0.0001
2026-08-09 13:26:26 | INFO     |   Batch 2950/10342: loss=0.0002
2026-08-09 13:26:32 | INFO     |   Batch 3000/10342: loss=0.0001
2026-08-09 13:26:38 | INFO     |   Batch 3050/10342: loss=0.0001
2026-08-09 13:26:44 | INFO     |   Batch 3100/10342: loss=0.0001
2026-08-09 13:26:50 | INFO     |   Batch 3150/10342: loss=0.0002
2026-08-09 13:26:56 | INFO     |   Batch 3200/10342: loss=0.0003
2026-08-09 13:27:02 | INFO     |   Batch 3250/10342: loss=0.0001
2026-08-09 13:27:08 | INFO     |   Batch 3300/10342: loss=0.0002
2026-08-09 13:27:14 | INFO     |   Batch 3350/10342: loss=0.0001
2026-08-09 13:27:20 | INFO     |   Batch 3400/10342: loss=0.0002
2026-08-09 13:27:26 | INFO     |   Batch 3450/10342: loss=0.0003
2026-08-09 13:27:32 | INFO     |   Batch 3500/10342: loss=0.1607
2026-08-09 13:27:38 | INFO     |   Batch 3550/10342: loss=0.0001
2026-08-09 13:27:44 | INFO     |   Batch 3600/10342: loss=0.0028
2026-08-09 13:27:50 | INFO     |   Batch 3650/10342: loss=0.0008
2026-08-09 13:27:55 | INFO     |   Batch 3700/10342: loss=0.0001
2026-08-09 13:28:01 | INFO     |   Batch 3750/10342: loss=0.0001
2026-08-09 13:28:07 | INFO     |   Batch 3800/10342: loss=0.0002
2026-08-09 13:28:13 | INFO     |   Batch 3850/10342: loss=0.0001
2026-08-09 13:28:19 | INFO     |   Batch 3900/10342: loss=0.0001
2026-08-09 13:28:25 | INFO     |   Batch 3950/10342: loss=0.0001
2026-08-09 13:28:31 | INFO     |   Batch 4000/10342: loss=0.0001
2026-08-09 13:28:37 | INFO     |   Batch 4050/10342: loss=0.0001
2026-08-09 13:28:43 | INFO     |   Batch 4100/10342: loss=0.0027
2026-08-09 13:28:49 | INFO     |   Batch 4150/10342: loss=0.0001
2026-08-09 13:28:55 | INFO     |   Batch 4200/10342: loss=0.0001
2026-08-09 13:29:01 | INFO     |   Batch 4250/10342: loss=0.0001
2026-08-09 13:29:07 | INFO     |   Batch 4300/10342: loss=0.0000
2026-08-09 13:29:13 | INFO     |   Batch 4350/10342: loss=0.0001
2026-08-09 13:29:19 | INFO     |   Batch 4400/10342: loss=0.0000
2026-08-09 13:29:25 | INFO     |   Batch 4450/10342: loss=0.0000
2026-08-09 13:29:31 | INFO     |   Batch 4500/10342: loss=0.0002
2026-08-09 13:29:37 | INFO     |   Batch 4550/10342: loss=0.0004
2026-08-09 13:29:43 | INFO     |   Batch 4600/10342: loss=0.0001
2026-08-09 13:29:49 | INFO     |   Batch 4650/10342: loss=0.0001
2026-08-09 13:29:55 | INFO     |   Batch 4700/10342: loss=0.0001
2026-08-09 13:30:01 | INFO     |   Batch 4750/10342: loss=0.0000
2026-08-09 13:30:07 | INFO     |   Batch 4800/10342: loss=0.0002
2026-08-09 13:30:13 | INFO     |   Batch 4850/10342: loss=0.0001
2026-08-09 13:30:18 | INFO     |   Batch 4900/10342: loss=0.0002
2026-08-09 13:30:24 | INFO     |   Batch 4950/10342: loss=0.0001
2026-08-09 13:30:30 | INFO     |   Batch 5000/10342: loss=0.0002
2026-08-09 13:30:36 | INFO     |   Batch 5050/10342: loss=0.0001
2026-08-09 13:30:42 | INFO     |   Batch 5100/10342: loss=0.0001
2026-08-09 13:30:48 | INFO     |   Batch 5150/10342: loss=0.0001
2026-08-09 13:30:54 | INFO     |   Batch 5200/10342: loss=0.0000
2026-08-09 13:31:00 | INFO     |   Batch 5250/10342: loss=0.0001
2026-08-09 13:31:06 | INFO     |   Batch 5300/10342: loss=0.0000
2026-08-09 13:31:12 | INFO     |   Batch 5350/10342: loss=0.0001
2026-08-09 13:31:18 | INFO     |   Batch 5400/10342: loss=0.0001
2026-08-09 13:31:24 | INFO     |   Batch 5450/10342: loss=0.0002
2026-08-09 13:31:30 | INFO     |   Batch 5500/10342: loss=0.0003
2026-08-09 13:31:36 | INFO     |   Batch 5550/10342: loss=0.0002
2026-08-09 13:31:42 | INFO     |   Batch 5600/10342: loss=0.0001
2026-08-09 13:31:48 | INFO     |   Batch 5650/10342: loss=0.0000
2026-08-09 13:31:54 | INFO     |   Batch 5700/10342: loss=0.0001
2026-08-09 13:32:00 | INFO     |   Batch 5750/10342: loss=0.0024
2026-08-09 13:32:06 | INFO     |   Batch 5800/10342: loss=0.0001
2026-08-09 13:32:12 | INFO     |   Batch 5850/10342: loss=0.0000
2026-08-09 13:32:18 | INFO     |   Batch 5900/10342: loss=0.0022
2026-08-09 13:32:23 | INFO     |   Batch 5950/10342: loss=0.0001
2026-08-09 13:32:29 | INFO     |   Batch 6000/10342: loss=0.0001
2026-08-09 13:32:35 | INFO     |   Batch 6050/10342: loss=0.0001
2026-08-09 13:32:41 | INFO     |   Batch 6100/10342: loss=0.0000
2026-08-09 13:32:47 | INFO     |   Batch 6150/10342: loss=0.0001
2026-08-09 13:32:53 | INFO     |   Batch 6200/10342: loss=0.0001
2026-08-09 13:32:59 | INFO     |   Batch 6250/10342: loss=0.0001
2026-08-09 13:33:05 | INFO     |   Batch 6300/10342: loss=0.0001
2026-08-09 13:33:11 | INFO     |   Batch 6350/10342: loss=0.0001
2026-08-09 13:33:17 | INFO     |   Batch 6400/10342: loss=0.0001
2026-08-09 13:33:23 | INFO     |   Batch 6450/10342: loss=0.0000
2026-08-09 13:33:29 | INFO     |   Batch 6500/10342: loss=0.0001
2026-08-09 13:33:35 | INFO     |   Batch 6550/10342: loss=0.0003
2026-08-09 13:33:41 | INFO     |   Batch 6600/10342: loss=0.0001
2026-08-09 13:33:47 | INFO     |   Batch 6650/10342: loss=0.0001
2026-08-09 13:33:53 | INFO     |   Batch 6700/10342: loss=0.0000
2026-08-09 13:33:59 | INFO     |   Batch 6750/10342: loss=0.0000
2026-08-09 13:34:05 | INFO     |   Batch 6800/10342: loss=0.0000
2026-08-09 13:34:11 | INFO     |   Batch 6850/10342: loss=0.0000
2026-08-09 13:34:17 | INFO     |   Batch 6900/10342: loss=0.0001
2026-08-09 13:34:23 | INFO     |   Batch 6950/10342: loss=0.0001
2026-08-09 13:34:29 | INFO     |   Batch 7000/10342: loss=0.0001
2026-08-09 13:34:35 | INFO     |   Batch 7050/10342: loss=0.0001
2026-08-09 13:34:41 | INFO     |   Batch 7100/10342: loss=0.0001
2026-08-09 13:34:47 | INFO     |   Batch 7150/10342: loss=0.0000
2026-08-09 13:34:53 | INFO     |   Batch 7200/10342: loss=0.0001
2026-08-09 13:34:58 | INFO     |   Batch 7250/10342: loss=0.0001
2026-08-09 13:35:04 | INFO     |   Batch 7300/10342: loss=0.0013
2026-08-09 13:35:10 | INFO     |   Batch 7350/10342: loss=0.0001
2026-08-09 13:35:16 | INFO     |   Batch 7400/10342: loss=0.0001
2026-08-09 13:35:22 | INFO     |   Batch 7450/10342: loss=0.0001
2026-08-09 13:35:28 | INFO     |   Batch 7500/10342: loss=0.0001
2026-08-09 13:35:34 | INFO     |   Batch 7550/10342: loss=0.0001
2026-08-09 13:35:40 | INFO     |   Batch 7600/10342: loss=0.0001
2026-08-09 13:35:46 | INFO     |   Batch 7650/10342: loss=0.0001
2026-08-09 13:35:52 | INFO     |   Batch 7700/10342: loss=0.0002
2026-08-09 13:35:58 | INFO     |   Batch 7750/10342: loss=0.0001
2026-08-09 13:36:04 | INFO     |   Batch 7800/10342: loss=0.0000
2026-08-09 13:36:10 | INFO     |   Batch 7850/10342: loss=0.0000
2026-08-09 13:36:16 | INFO     |   Batch 7900/10342: loss=0.0001
2026-08-09 13:36:22 | INFO     |   Batch 7950/10342: loss=0.0001
2026-08-09 13:36:28 | INFO     |   Batch 8000/10342: loss=0.0001
2026-08-09 13:36:34 | INFO     |   Batch 8050/10342: loss=0.0001
2026-08-09 13:36:40 | INFO     |   Batch 8100/10342: loss=0.0001
2026-08-09 13:36:46 | INFO     |   Batch 8150/10342: loss=0.0001
2026-08-09 13:36:52 | INFO     |   Batch 8200/10342: loss=0.0001
2026-08-09 13:36:58 | INFO     |   Batch 8250/10342: loss=0.0000
2026-08-09 13:37:04 | INFO     |   Batch 8300/10342: loss=0.0001
2026-08-09 13:37:09 | INFO     |   Batch 8350/10342: loss=0.0001
2026-08-09 13:37:15 | INFO     |   Batch 8400/10342: loss=0.0001
2026-08-09 13:37:21 | INFO     |   Batch 8450/10342: loss=0.0000
2026-08-09 13:37:27 | INFO     |   Batch 8500/10342: loss=0.0002
2026-08-09 13:37:33 | INFO     |   Batch 8550/10342: loss=0.0000
2026-08-09 13:37:39 | INFO     |   Batch 8600/10342: loss=0.0001
2026-08-09 13:37:45 | INFO     |   Batch 8650/10342: loss=0.0000
2026-08-09 13:37:51 | INFO     |   Batch 8700/10342: loss=0.0001
2026-08-09 13:37:57 | INFO     |   Batch 8750/10342: loss=0.0001
2026-08-09 13:38:03 | INFO     |   Batch 8800/10342: loss=0.0000
2026-08-09 13:38:09 | INFO     |   Batch 8850/10342: loss=0.0001
2026-08-09 13:38:15 | INFO     |   Batch 8900/10342: loss=0.0001
2026-08-09 13:38:21 | INFO     |   Batch 8950/10342: loss=0.0001
2026-08-09 13:38:27 | INFO     |   Batch 9000/10342: loss=0.0001
2026-08-09 13:38:33 | INFO     |   Batch 9050/10342: loss=0.3639
2026-08-09 13:38:39 | INFO     |   Batch 9100/10342: loss=0.0026
2026-08-09 13:38:45 | INFO     |   Batch 9150/10342: loss=0.0003
2026-08-09 13:38:51 | INFO     |   Batch 9200/10342: loss=0.0010
2026-08-09 13:38:57 | INFO     |   Batch 9250/10342: loss=0.0001
2026-08-09 13:39:03 | INFO     |   Batch 9300/10342: loss=0.0000
2026-08-09 13:39:09 | INFO     |   Batch 9350/10342: loss=0.0001
2026-08-09 13:39:15 | INFO     |   Batch 9400/10342: loss=0.0001
2026-08-09 13:39:21 | INFO     |   Batch 9450/10342: loss=0.0000
2026-08-09 13:39:27 | INFO     |   Batch 9500/10342: loss=0.0001
2026-08-09 13:39:32 | INFO     |   Batch 9550/10342: loss=0.0001
2026-08-09 13:39:38 | INFO     |   Batch 9600/10342: loss=0.0001
2026-08-09 13:39:44 | INFO     |   Batch 9650/10342: loss=0.0001
2026-08-09 13:39:50 | INFO     |   Batch 9700/10342: loss=0.0001
2026-08-09 13:39:56 | INFO     |   Batch 9750/10342: loss=0.0000
2026-08-09 13:40:02 | INFO     |   Batch 9800/10342: loss=0.0001
2026-08-09 13:40:08 | INFO     |   Batch 9850/10342: loss=0.0000
2026-08-09 13:40:14 | INFO     |   Batch 9900/10342: loss=0.0001
2026-08-09 13:40:20 | INFO     |   Batch 9950/10342: loss=0.0000
2026-08-09 13:40:26 | INFO     |   Batch 10000/10342: loss=0.0000
2026-08-09 13:40:32 | INFO     |   Batch 10050/10342: loss=0.0000
2026-08-09 13:40:38 | INFO     |   Batch 10100/10342: loss=0.0003
2026-08-09 13:40:44 | INFO     |   Batch 10150/10342: loss=0.0000
2026-08-09 13:40:50 | INFO     |   Batch 10200/10342: loss=0.0000
2026-08-09 13:40:56 | INFO     |   Batch 10250/10342: loss=0.0001
2026-08-09 13:41:02 | INFO     |   Batch 10300/10342: loss=0.0000
2026-08-09 13:41:07 | INFO     | Train: loss=0.0032 | F1=0.9873 | Acc=0.9991
2026-08-09 13:43:03 | INFO     | Val:   loss=0.0098 | F1=0.9983 | Acc=0.9981
2026-08-09 13:44:58 | INFO     | Test:  F1=0.9983 | Acc=0.9981 | MCC=0.9980 | Prec=0.9991 | Rec=0.9976
2026-08-09 13:44:58 | INFO     | 
--- Epoch 5/8 ---
2026-08-09 13:45:04 | INFO     |   Batch 50/10342: loss=0.0001
2026-08-09 13:45:10 | INFO     |   Batch 100/10342: loss=0.0000
2026-08-09 13:45:16 | INFO     |   Batch 150/10342: loss=0.0002
2026-08-09 13:45:22 | INFO     |   Batch 200/10342: loss=0.0001
2026-08-09 13:45:28 | INFO     |   Batch 250/10342: loss=0.0006
2026-08-09 13:45:34 | INFO     |   Batch 300/10342: loss=0.0001
2026-08-09 13:45:40 | INFO     |   Batch 350/10342: loss=0.0000
2026-08-09 13:45:46 | INFO     |   Batch 400/10342: loss=0.0000
2026-08-09 13:45:52 | INFO     |   Batch 450/10342: loss=0.0001
2026-08-09 13:45:58 | INFO     |   Batch 500/10342: loss=0.0001
2026-08-09 13:46:04 | INFO     |   Batch 550/10342: loss=0.0001
2026-08-09 13:46:10 | INFO     |   Batch 600/10342: loss=0.0001
2026-08-09 13:46:16 | INFO     |   Batch 650/10342: loss=0.0000
2026-08-09 13:46:22 | INFO     |   Batch 700/10342: loss=0.0001
2026-08-09 13:46:28 | INFO     |   Batch 750/10342: loss=0.0001
2026-08-09 13:46:34 | INFO     |   Batch 800/10342: loss=0.0000
2026-08-09 13:46:40 | INFO     |   Batch 850/10342: loss=0.0001
2026-08-09 13:46:46 | INFO     |   Batch 900/10342: loss=0.0000
2026-08-09 13:46:52 | INFO     |   Batch 950/10342: loss=0.0001
2026-08-09 13:46:58 | INFO     |   Batch 1000/10342: loss=0.0000
2026-08-09 13:47:04 | INFO     |   Batch 1050/10342: loss=0.0001
2026-08-09 13:47:10 | INFO     |   Batch 1100/10342: loss=0.0001
2026-08-09 13:47:16 | INFO     |   Batch 1150/10342: loss=0.0001
2026-08-09 13:47:22 | INFO     |   Batch 1200/10342: loss=0.0001
2026-08-09 13:47:28 | INFO     |   Batch 1250/10342: loss=0.0001
2026-08-09 13:47:33 | INFO     |   Batch 1300/10342: loss=0.0001
2026-08-09 13:47:39 | INFO     |   Batch 1350/10342: loss=0.0026
2026-08-09 13:47:45 | INFO     |   Batch 1400/10342: loss=0.0002
2026-08-09 13:47:51 | INFO     |   Batch 1450/10342: loss=0.0001
2026-08-09 13:47:57 | INFO     |   Batch 1500/10342: loss=0.0001
2026-08-09 13:48:03 | INFO     |   Batch 1550/10342: loss=0.0001
2026-08-09 13:48:09 | INFO     |   Batch 1600/10342: loss=0.0001
2026-08-09 13:48:15 | INFO     |   Batch 1650/10342: loss=0.0001
2026-08-09 13:48:21 | INFO     |   Batch 1700/10342: loss=0.0046
2026-08-09 13:48:27 | INFO     |   Batch 1750/10342: loss=0.0000
2026-08-09 13:48:33 | INFO     |   Batch 1800/10342: loss=0.0000
2026-08-09 13:48:39 | INFO     |   Batch 1850/10342: loss=0.0001
2026-08-09 13:48:45 | INFO     |   Batch 1900/10342: loss=0.0001
2026-08-09 13:48:51 | INFO     |   Batch 1950/10342: loss=0.0001
2026-08-09 13:48:57 | INFO     |   Batch 2000/10342: loss=0.0000
2026-08-09 13:49:03 | INFO     |   Batch 2050/10342: loss=0.0001
2026-08-09 13:49:09 | INFO     |   Batch 2100/10342: loss=0.0002
2026-08-09 13:49:15 | INFO     |   Batch 2150/10342: loss=0.0002
2026-08-09 13:49:21 | INFO     |   Batch 2200/10342: loss=0.0001
2026-08-09 13:49:27 | INFO     |   Batch 2250/10342: loss=0.0001
2026-08-09 13:49:33 | INFO     |   Batch 2300/10342: loss=0.0001
2026-08-09 13:49:39 | INFO     |   Batch 2350/10342: loss=0.0000
2026-08-09 13:49:45 | INFO     |   Batch 2400/10342: loss=0.0001
2026-08-09 13:49:51 | INFO     |   Batch 2450/10342: loss=0.0002
2026-08-09 13:49:56 | INFO     |   Batch 2500/10342: loss=0.0001
2026-08-09 13:50:02 | INFO     |   Batch 2550/10342: loss=0.0006
2026-08-09 13:50:08 | INFO     |   Batch 2600/10342: loss=0.0000
2026-08-09 13:50:14 | INFO     |   Batch 2650/10342: loss=0.0001
2026-08-09 13:50:20 | INFO     |   Batch 2700/10342: loss=0.0000
2026-08-09 13:50:26 | INFO     |   Batch 2750/10342: loss=0.0001
2026-08-09 13:50:32 | INFO     |   Batch 2800/10342: loss=0.0000
2026-08-09 13:50:38 | INFO     |   Batch 2850/10342: loss=0.0001
2026-08-09 13:50:44 | INFO     |   Batch 2900/10342: loss=0.0001
2026-08-09 13:50:50 | INFO     |   Batch 2950/10342: loss=0.0000
2026-08-09 13:50:56 | INFO     |   Batch 3000/10342: loss=0.0001
2026-08-09 13:51:02 | INFO     |   Batch 3050/10342: loss=0.0000
2026-08-09 13:51:08 | INFO     |   Batch 3100/10342: loss=0.0000
2026-08-09 13:51:14 | INFO     |   Batch 3150/10342: loss=0.0000
2026-08-09 13:51:20 | INFO     |   Batch 3200/10342: loss=0.0001
2026-08-09 13:51:26 | INFO     |   Batch 3250/10342: loss=0.0007
2026-08-09 13:51:32 | INFO     |   Batch 3300/10342: loss=0.0001
2026-08-09 13:51:38 | INFO     |   Batch 3350/10342: loss=0.0001
2026-08-09 13:51:44 | INFO     |   Batch 3400/10342: loss=0.0001
2026-08-09 13:51:50 | INFO     |   Batch 3450/10342: loss=0.0000
2026-08-09 13:51:56 | INFO     |   Batch 3500/10342: loss=0.0000
2026-08-09 13:52:02 | INFO     |   Batch 3550/10342: loss=0.0001
2026-08-09 13:52:08 | INFO     |   Batch 3600/10342: loss=0.0000
2026-08-09 13:52:14 | INFO     |   Batch 3650/10342: loss=0.0001
2026-08-09 13:52:20 | INFO     |   Batch 3700/10342: loss=0.0000
2026-08-09 13:52:25 | INFO     |   Batch 3750/10342: loss=0.0000
2026-08-09 13:52:31 | INFO     |   Batch 3800/10342: loss=0.0000
2026-08-09 13:52:37 | INFO     |   Batch 3850/10342: loss=0.0000
2026-08-09 13:52:43 | INFO     |   Batch 3900/10342: loss=0.0001
2026-08-09 13:52:49 | INFO     |   Batch 3950/10342: loss=0.0000
2026-08-09 13:52:55 | INFO     |   Batch 4000/10342: loss=0.0001
2026-08-09 13:53:01 | INFO     |   Batch 4050/10342: loss=0.0001
2026-08-09 13:53:07 | INFO     |   Batch 4100/10342: loss=0.0001
2026-08-09 13:53:13 | INFO     |   Batch 4150/10342: loss=0.0001
2026-08-09 13:53:19 | INFO     |   Batch 4200/10342: loss=0.0001
2026-08-09 13:53:25 | INFO     |   Batch 4250/10342: loss=0.0000
2026-08-09 13:53:31 | INFO     |   Batch 4300/10342: loss=0.0008
2026-08-09 13:53:37 | INFO     |   Batch 4350/10342: loss=0.0000
2026-08-09 13:53:43 | INFO     |   Batch 4400/10342: loss=0.0000
2026-08-09 13:53:49 | INFO     |   Batch 4450/10342: loss=0.0001
2026-08-09 13:53:55 | INFO     |   Batch 4500/10342: loss=0.0000
2026-08-09 13:54:01 | INFO     |   Batch 4550/10342: loss=0.0004
2026-08-09 13:54:07 | INFO     |   Batch 4600/10342: loss=0.0000
2026-08-09 13:54:12 | INFO     |   Batch 4650/10342: loss=0.0001
2026-08-09 13:54:18 | INFO     |   Batch 4700/10342: loss=0.0001
2026-08-09 13:54:24 | INFO     |   Batch 4750/10342: loss=0.0000
2026-08-09 13:54:30 | INFO     |   Batch 4800/10342: loss=0.0000
2026-08-09 13:54:36 | INFO     |   Batch 4850/10342: loss=0.0007
2026-08-09 13:54:42 | INFO     |   Batch 4900/10342: loss=0.0000
2026-08-09 13:54:48 | INFO     |   Batch 4950/10342: loss=0.0000
2026-08-09 13:54:54 | INFO     |   Batch 5000/10342: loss=0.0001
2026-08-09 13:55:00 | INFO     |   Batch 5050/10342: loss=0.0001
2026-08-09 13:55:06 | INFO     |   Batch 5100/10342: loss=0.0000
2026-08-09 13:55:12 | INFO     |   Batch 5150/10342: loss=0.0000
2026-08-09 13:55:18 | INFO     |   Batch 5200/10342: loss=0.0001
2026-08-09 13:55:24 | INFO     |   Batch 5250/10342: loss=0.0001
2026-08-09 13:55:30 | INFO     |   Batch 5300/10342: loss=0.0001
2026-08-09 13:55:36 | INFO     |   Batch 5350/10342: loss=0.0000
2026-08-09 13:55:42 | INFO     |   Batch 5400/10342: loss=0.0001
2026-08-09 13:55:48 | INFO     |   Batch 5450/10342: loss=0.0000
2026-08-09 13:55:54 | INFO     |   Batch 5500/10342: loss=0.0000
2026-08-09 13:56:00 | INFO     |   Batch 5550/10342: loss=0.0001
2026-08-09 13:56:06 | INFO     |   Batch 5600/10342: loss=0.0001
2026-08-09 13:56:11 | INFO     |   Batch 5650/10342: loss=0.0001
2026-08-09 13:56:17 | INFO     |   Batch 5700/10342: loss=0.0000
2026-08-09 13:56:23 | INFO     |   Batch 5750/10342: loss=0.0000
2026-08-09 13:56:29 | INFO     |   Batch 5800/10342: loss=0.0000
2026-08-09 13:56:35 | INFO     |   Batch 5850/10342: loss=0.0000
2026-08-09 13:56:41 | INFO     |   Batch 5900/10342: loss=0.0000
2026-08-09 13:56:47 | INFO     |   Batch 5950/10342: loss=0.0056
2026-08-09 13:56:53 | INFO     |   Batch 6000/10342: loss=0.0000
2026-08-09 13:56:59 | INFO     |   Batch 6050/10342: loss=0.0010
2026-08-09 13:57:05 | INFO     |   Batch 6100/10342: loss=0.0000
2026-08-09 13:57:11 | INFO     |   Batch 6150/10342: loss=0.0000
2026-08-09 13:57:17 | INFO     |   Batch 6200/10342: loss=0.0000
2026-08-09 13:57:23 | INFO     |   Batch 6250/10342: loss=0.0001
2026-08-09 13:57:29 | INFO     |   Batch 6300/10342: loss=0.0000
2026-08-09 13:57:35 | INFO     |   Batch 6350/10342: loss=0.0000
2026-08-09 13:57:41 | INFO     |   Batch 6400/10342: loss=0.0001
2026-08-09 13:57:47 | INFO     |   Batch 6450/10342: loss=0.0003
2026-08-09 13:57:53 | INFO     |   Batch 6500/10342: loss=0.0000
2026-08-09 13:57:59 | INFO     |   Batch 6550/10342: loss=0.0000
2026-08-09 13:58:05 | INFO     |   Batch 6600/10342: loss=0.0001
2026-08-09 13:58:10 | INFO     |   Batch 6650/10342: loss=0.0001
2026-08-09 13:58:16 | INFO     |   Batch 6700/10342: loss=0.0000
2026-08-09 13:58:22 | INFO     |   Batch 6750/10342: loss=0.0001
2026-08-09 13:58:28 | INFO     |   Batch 6800/10342: loss=0.0001
2026-08-09 13:58:34 | INFO     |   Batch 6850/10342: loss=0.0000
2026-08-09 13:58:40 | INFO     |   Batch 6900/10342: loss=0.0001
2026-08-09 13:58:46 | INFO     |   Batch 6950/10342: loss=0.0001
2026-08-09 13:58:52 | INFO     |   Batch 7000/10342: loss=0.0001
2026-08-09 13:58:58 | INFO     |   Batch 7050/10342: loss=0.0001
2026-08-09 13:59:04 | INFO     |   Batch 7100/10342: loss=0.0000
2026-08-09 13:59:10 | INFO     |   Batch 7150/10342: loss=0.0000
2026-08-09 13:59:16 | INFO     |   Batch 7200/10342: loss=0.0000
2026-08-09 13:59:22 | INFO     |   Batch 7250/10342: loss=0.0001
2026-08-09 13:59:28 | INFO     |   Batch 7300/10342: loss=0.0001
2026-08-09 13:59:34 | INFO     |   Batch 7350/10342: loss=0.0000
2026-08-09 13:59:40 | INFO     |   Batch 7400/10342: loss=0.0003
2026-08-09 13:59:46 | INFO     |   Batch 7450/10342: loss=0.0000
2026-08-09 13:59:52 | INFO     |   Batch 7500/10342: loss=0.0000
2026-08-09 13:59:58 | INFO     |   Batch 7550/10342: loss=0.0000
2026-08-09 14:00:04 | INFO     |   Batch 7600/10342: loss=0.0001
2026-08-09 14:00:10 | INFO     |   Batch 7650/10342: loss=0.0944
2026-08-09 14:00:16 | INFO     |   Batch 7700/10342: loss=0.0001
2026-08-09 14:00:22 | INFO     |   Batch 7750/10342: loss=0.0000
2026-08-09 14:00:27 | INFO     |   Batch 7800/10342: loss=0.0000
2026-08-09 14:00:33 | INFO     |   Batch 7850/10342: loss=0.0000
2026-08-09 14:00:39 | INFO     |   Batch 7900/10342: loss=0.0001
2026-08-09 14:00:45 | INFO     |   Batch 7950/10342: loss=0.0001
2026-08-09 14:00:51 | INFO     |   Batch 8000/10342: loss=0.0001
2026-08-09 14:00:57 | INFO     |   Batch 8050/10342: loss=0.0000
2026-08-09 14:01:03 | INFO     |   Batch 8100/10342: loss=0.0000
2026-08-09 14:01:09 | INFO     |   Batch 8150/10342: loss=0.0000
2026-08-09 14:01:15 | INFO     |   Batch 8200/10342: loss=0.0002
2026-08-09 14:01:21 | INFO     |   Batch 8250/10342: loss=0.0000
2026-08-09 14:01:27 | INFO     |   Batch 8300/10342: loss=0.0005
2026-08-09 14:01:33 | INFO     |   Batch 8350/10342: loss=0.0000
2026-08-09 14:01:39 | INFO     |   Batch 8400/10342: loss=0.0000
2026-08-09 14:01:45 | INFO     |   Batch 8450/10342: loss=0.0000
2026-08-09 14:01:51 | INFO     |   Batch 8500/10342: loss=0.0001
2026-08-09 14:01:57 | INFO     |   Batch 8550/10342: loss=0.0000
2026-08-09 14:02:03 | INFO     |   Batch 8600/10342: loss=0.0002
2026-08-09 14:02:09 | INFO     |   Batch 8650/10342: loss=0.0001
2026-08-09 14:02:15 | INFO     |   Batch 8700/10342: loss=0.0000
2026-08-09 14:02:21 | INFO     |   Batch 8750/10342: loss=0.0000
2026-08-09 14:02:27 | INFO     |   Batch 8800/10342: loss=0.0000
2026-08-09 14:02:33 | INFO     |   Batch 8850/10342: loss=0.0001
2026-08-09 14:02:39 | INFO     |   Batch 8900/10342: loss=0.0000
2026-08-09 14:02:45 | INFO     |   Batch 8950/10342: loss=0.0001
2026-08-09 14:02:51 | INFO     |   Batch 9000/10342: loss=0.0000
2026-08-09 14:02:56 | INFO     |   Batch 9050/10342: loss=0.0001
2026-08-09 14:03:02 | INFO     |   Batch 9100/10342: loss=0.0001
2026-08-09 14:03:08 | INFO     |   Batch 9150/10342: loss=0.0000
2026-08-09 14:03:14 | INFO     |   Batch 9200/10342: loss=0.0001
2026-08-09 14:03:20 | INFO     |   Batch 9250/10342: loss=0.0001
2026-08-09 14:03:26 | INFO     |   Batch 9300/10342: loss=0.0000
2026-08-09 14:03:32 | INFO     |   Batch 9350/10342: loss=0.0000
2026-08-09 14:03:38 | INFO     |   Batch 9400/10342: loss=0.0001
2026-08-09 14:03:44 | INFO     |   Batch 9450/10342: loss=0.0001
2026-08-09 14:03:50 | INFO     |   Batch 9500/10342: loss=0.0001
2026-08-09 14:03:56 | INFO     |   Batch 9550/10342: loss=0.0000
2026-08-09 14:04:02 | INFO     |   Batch 9600/10342: loss=0.0001
2026-08-09 14:04:08 | INFO     |   Batch 9650/10342: loss=0.0005
2026-08-09 14:04:14 | INFO     |   Batch 9700/10342: loss=0.0001
2026-08-09 14:04:20 | INFO     |   Batch 9750/10342: loss=0.0000
2026-08-09 14:04:26 | INFO     |   Batch 9800/10342: loss=0.0004
2026-08-09 14:04:32 | INFO     |   Batch 9850/10342: loss=0.0000
2026-08-09 14:04:38 | INFO     |   Batch 9900/10342: loss=0.0003
2026-08-09 14:04:44 | INFO     |   Batch 9950/10342: loss=0.0000
2026-08-09 14:04:50 | INFO     |   Batch 10000/10342: loss=0.0000
2026-08-09 14:04:56 | INFO     |   Batch 10050/10342: loss=0.0000
2026-08-09 14:05:02 | INFO     |   Batch 10100/10342: loss=0.0000
2026-08-09 14:05:07 | INFO     |   Batch 10150/10342: loss=0.0000
2026-08-09 14:05:13 | INFO     |   Batch 10200/10342: loss=0.0000
2026-08-09 14:05:19 | INFO     |   Batch 10250/10342: loss=0.0000
2026-08-09 14:05:25 | INFO     |   Batch 10300/10342: loss=0.0000
2026-08-09 14:05:30 | INFO     | Train: loss=0.0028 | F1=0.9809 | Acc=0.9992
2026-08-09 14:07:26 | INFO     | Val:   loss=0.0102 | F1=0.9737 | Acc=0.9981
2026-08-09 14:09:22 | INFO     | Test:  F1=0.9737 | Acc=0.9981 | MCC=0.9980 | Prec=0.9722 | Rec=0.9759
2026-08-09 14:09:22 | INFO     | 
--- Epoch 6/8 ---
2026-08-09 14:09:28 | INFO     |   Batch 50/10342: loss=0.0000
2026-08-09 14:09:34 | INFO     |   Batch 100/10342: loss=0.0000
2026-08-09 14:09:40 | INFO     |   Batch 150/10342: loss=0.0001
2026-08-09 14:09:46 | INFO     |   Batch 200/10342: loss=0.0000
2026-08-09 14:09:52 | INFO     |   Batch 250/10342: loss=0.0000
2026-08-09 14:09:58 | INFO     |   Batch 300/10342: loss=0.0001
2026-08-09 14:10:04 | INFO     |   Batch 350/10342: loss=0.0004
2026-08-09 14:10:10 | INFO     |   Batch 400/10342: loss=0.0004
2026-08-09 14:10:16 | INFO     |   Batch 450/10342: loss=0.0000
2026-08-09 14:10:21 | INFO     |   Batch 500/10342: loss=0.0000
2026-08-09 14:10:27 | INFO     |   Batch 550/10342: loss=0.0000
2026-08-09 14:10:33 | INFO     |   Batch 600/10342: loss=0.0000
2026-08-09 14:10:39 | INFO     |   Batch 650/10342: loss=0.0000
2026-08-09 14:10:45 | INFO     |   Batch 700/10342: loss=0.0000
2026-08-09 14:10:51 | INFO     |   Batch 750/10342: loss=0.0000
2026-08-09 14:10:57 | INFO     |   Batch 800/10342: loss=0.0001
2026-08-09 14:11:03 | INFO     |   Batch 850/10342: loss=0.0001
2026-08-09 14:11:09 | INFO     |   Batch 900/10342: loss=0.0000
2026-08-09 14:11:15 | INFO     |   Batch 950/10342: loss=0.0001
2026-08-09 14:11:21 | INFO     |   Batch 1000/10342: loss=0.0000
2026-08-09 14:11:27 | INFO     |   Batch 1050/10342: loss=0.0000
2026-08-09 14:11:33 | INFO     |   Batch 1100/10342: loss=0.0000
2026-08-09 14:11:39 | INFO     |   Batch 1150/10342: loss=0.0000
2026-08-09 14:11:45 | INFO     |   Batch 1200/10342: loss=0.0000
2026-08-09 14:11:51 | INFO     |   Batch 1250/10342: loss=0.0000
2026-08-09 14:11:57 | INFO     |   Batch 1300/10342: loss=0.0000
2026-08-09 14:12:03 | INFO     |   Batch 1350/10342: loss=0.0000
2026-08-09 14:12:09 | INFO     |   Batch 1400/10342: loss=0.0000
2026-08-09 14:12:14 | INFO     |   Batch 1450/10342: loss=0.0001
2026-08-09 14:12:20 | INFO     |   Batch 1500/10342: loss=0.0000
2026-08-09 14:12:26 | INFO     |   Batch 1550/10342: loss=0.0000
2026-08-09 14:12:32 | INFO     |   Batch 1600/10342: loss=0.0001
2026-08-09 14:12:38 | INFO     |   Batch 1650/10342: loss=0.0001
2026-08-09 14:12:44 | INFO     |   Batch 1700/10342: loss=0.0000
2026-08-09 14:12:50 | INFO     |   Batch 1750/10342: loss=0.0001
2026-08-09 14:12:56 | INFO     |   Batch 1800/10342: loss=0.0000
2026-08-09 14:13:02 | INFO     |   Batch 1850/10342: loss=0.0000
2026-08-09 14:13:08 | INFO     |   Batch 1900/10342: loss=0.0000
2026-08-09 14:13:14 | INFO     |   Batch 1950/10342: loss=0.0000
2026-08-09 14:13:20 | INFO     |   Batch 2000/10342: loss=0.0524
2026-08-09 14:13:26 | INFO     |   Batch 2050/10342: loss=0.0001
2026-08-09 14:13:32 | INFO     |   Batch 2100/10342: loss=0.0001
2026-08-09 14:13:38 | INFO     |   Batch 2150/10342: loss=0.0000
2026-08-09 14:13:44 | INFO     |   Batch 2200/10342: loss=0.0000
2026-08-09 14:13:50 | INFO     |   Batch 2250/10342: loss=0.0000
2026-08-09 14:13:56 | INFO     |   Batch 2300/10342: loss=0.0000
2026-08-09 14:14:02 | INFO     |   Batch 2350/10342: loss=0.0000
2026-08-09 14:14:08 | INFO     |   Batch 2400/10342: loss=0.0000
2026-08-09 14:14:14 | INFO     |   Batch 2450/10342: loss=0.0000
2026-08-09 14:14:20 | INFO     |   Batch 2500/10342: loss=0.0000
2026-08-09 14:14:26 | INFO     |   Batch 2550/10342: loss=0.0000
2026-08-09 14:14:32 | INFO     |   Batch 2600/10342: loss=0.0000
2026-08-09 14:14:38 | INFO     |   Batch 2650/10342: loss=0.0000
2026-08-09 14:14:44 | INFO     |   Batch 2700/10342: loss=0.0000
2026-08-09 14:14:50 | INFO     |   Batch 2750/10342: loss=0.0000
2026-08-09 14:14:55 | INFO     |   Batch 2800/10342: loss=0.0000
2026-08-09 14:15:01 | INFO     |   Batch 2850/10342: loss=0.0000
2026-08-09 14:15:07 | INFO     |   Batch 2900/10342: loss=0.0000
2026-08-09 14:15:13 | INFO     |   Batch 2950/10342: loss=0.0001
2026-08-09 14:15:19 | INFO     |   Batch 3000/10342: loss=0.0000
2026-08-09 14:15:25 | INFO     |   Batch 3050/10342: loss=0.4206
2026-08-09 14:15:31 | INFO     |   Batch 3100/10342: loss=0.0000
2026-08-09 14:15:37 | INFO     |   Batch 3150/10342: loss=0.0001
2026-08-09 14:15:43 | INFO     |   Batch 3200/10342: loss=0.0000
2026-08-09 14:15:49 | INFO     |   Batch 3250/10342: loss=0.0000
2026-08-09 14:15:55 | INFO     |   Batch 3300/10342: loss=0.0000
2026-08-09 14:16:01 | INFO     |   Batch 3350/10342: loss=0.0000
2026-08-09 14:16:07 | INFO     |   Batch 3400/10342: loss=0.0000
2026-08-09 14:16:13 | INFO     |   Batch 3450/10342: loss=0.0002
2026-08-09 14:16:19 | INFO     |   Batch 3500/10342: loss=0.0000
2026-08-09 14:16:25 | INFO     |   Batch 3550/10342: loss=0.0001
2026-08-09 14:16:31 | INFO     |   Batch 3600/10342: loss=0.0000
2026-08-09 14:16:37 | INFO     |   Batch 3650/10342: loss=0.0001
2026-08-09 14:16:43 | INFO     |   Batch 3700/10342: loss=0.0000
2026-08-09 14:16:49 | INFO     |   Batch 3750/10342: loss=0.0000
2026-08-09 14:16:55 | INFO     |   Batch 3800/10342: loss=0.0001
2026-08-09 14:17:01 | INFO     |   Batch 3850/10342: loss=0.0000
2026-08-09 14:17:07 | INFO     |   Batch 3900/10342: loss=0.0001
2026-08-09 14:17:13 | INFO     |   Batch 3950/10342: loss=0.0000
2026-08-09 14:17:19 | INFO     |   Batch 4000/10342: loss=0.0000
2026-08-09 14:17:25 | INFO     |   Batch 4050/10342: loss=0.0001
2026-08-09 14:17:31 | INFO     |   Batch 4100/10342: loss=0.0001
2026-08-09 14:17:36 | INFO     |   Batch 4150/10342: loss=0.0000
2026-08-09 14:17:42 | INFO     |   Batch 4200/10342: loss=0.0000
2026-08-09 14:17:48 | INFO     |   Batch 4250/10342: loss=0.0000
2026-08-09 14:17:54 | INFO     |   Batch 4300/10342: loss=0.0000
2026-08-09 14:18:00 | INFO     |   Batch 4350/10342: loss=0.0000
2026-08-09 14:18:06 | INFO     |   Batch 4400/10342: loss=0.0001
2026-08-09 14:18:12 | INFO     |   Batch 4450/10342: loss=0.0000
2026-08-09 14:18:18 | INFO     |   Batch 4500/10342: loss=0.0000
2026-08-09 14:18:24 | INFO     |   Batch 4550/10342: loss=0.0000
2026-08-09 14:18:30 | INFO     |   Batch 4600/10342: loss=0.0000
2026-08-09 14:18:36 | INFO     |   Batch 4650/10342: loss=0.0000
2026-08-09 14:18:42 | INFO     |   Batch 4700/10342: loss=0.0000
2026-08-09 14:18:48 | INFO     |   Batch 4750/10342: loss=0.0000
2026-08-09 14:18:54 | INFO     |   Batch 4800/10342: loss=0.0000
2026-08-09 14:19:00 | INFO     |   Batch 4850/10342: loss=0.0002
2026-08-09 14:19:06 | INFO     |   Batch 4900/10342: loss=0.0000
2026-08-09 14:19:12 | INFO     |   Batch 4950/10342: loss=0.0001
2026-08-09 14:19:18 | INFO     |   Batch 5000/10342: loss=0.0000
2026-08-09 14:19:24 | INFO     |   Batch 5050/10342: loss=0.0000
2026-08-09 14:19:30 | INFO     |   Batch 5100/10342: loss=0.0000
2026-08-09 14:19:36 | INFO     |   Batch 5150/10342: loss=0.0000
2026-08-09 14:19:42 | INFO     |   Batch 5200/10342: loss=0.0000
2026-08-09 14:19:48 | INFO     |   Batch 5250/10342: loss=0.0000
2026-08-09 14:19:54 | INFO     |   Batch 5300/10342: loss=0.0000
2026-08-09 14:20:00 | INFO     |   Batch 5350/10342: loss=0.0000
2026-08-09 14:20:06 | INFO     |   Batch 5400/10342: loss=0.0000
2026-08-09 14:20:11 | INFO     |   Batch 5450/10342: loss=0.0000
2026-08-09 14:20:17 | INFO     |   Batch 5500/10342: loss=0.0000
2026-08-09 14:20:23 | INFO     |   Batch 5550/10342: loss=0.0000
2026-08-09 14:20:29 | INFO     |   Batch 5600/10342: loss=0.0000
2026-08-09 14:20:35 | INFO     |   Batch 5650/10342: loss=0.0000
2026-08-09 14:20:41 | INFO     |   Batch 5700/10342: loss=0.0000
2026-08-09 14:20:47 | INFO     |   Batch 5750/10342: loss=0.0000
2026-08-09 14:20:53 | INFO     |   Batch 5800/10342: loss=0.0000
2026-08-09 14:20:59 | INFO     |   Batch 5850/10342: loss=0.0000
2026-08-09 14:21:05 | INFO     |   Batch 5900/10342: loss=0.0002
2026-08-09 14:21:11 | INFO     |   Batch 5950/10342: loss=0.0001
2026-08-09 14:21:17 | INFO     |   Batch 6000/10342: loss=0.0000
2026-08-09 14:21:23 | INFO     |   Batch 6050/10342: loss=0.0000
2026-08-09 14:21:29 | INFO     |   Batch 6100/10342: loss=0.0000
2026-08-09 14:21:35 | INFO     |   Batch 6150/10342: loss=0.0001
2026-08-09 14:21:41 | INFO     |   Batch 6200/10342: loss=0.0000
2026-08-09 14:21:47 | INFO     |   Batch 6250/10342: loss=0.0001
2026-08-09 14:21:52 | INFO     |   Batch 6300/10342: loss=0.0000
2026-08-09 14:21:58 | INFO     |   Batch 6350/10342: loss=0.0000
2026-08-09 14:22:04 | INFO     |   Batch 6400/10342: loss=0.0000
2026-08-09 14:22:10 | INFO     |   Batch 6450/10342: loss=0.0003
2026-08-09 14:22:16 | INFO     |   Batch 6500/10342: loss=0.7840
2026-08-09 14:22:22 | INFO     |   Batch 6550/10342: loss=0.0000
2026-08-09 14:22:28 | INFO     |   Batch 6600/10342: loss=0.0001
2026-08-09 14:22:34 | INFO     |   Batch 6650/10342: loss=0.0000
2026-08-09 14:22:40 | INFO     |   Batch 6700/10342: loss=0.0000
2026-08-09 14:22:46 | INFO     |   Batch 6750/10342: loss=0.0000
2026-08-09 14:22:52 | INFO     |   Batch 6800/10342: loss=0.0000
2026-08-09 14:22:58 | INFO     |   Batch 6850/10342: loss=0.0000
2026-08-09 14:23:04 | INFO     |   Batch 6900/10342: loss=0.0000
2026-08-09 14:23:10 | INFO     |   Batch 6950/10342: loss=0.0000
2026-08-09 14:23:16 | INFO     |   Batch 7000/10342: loss=0.0000
2026-08-09 14:23:22 | INFO     |   Batch 7050/10342: loss=0.0000
2026-08-09 14:23:28 | INFO     |   Batch 7100/10342: loss=0.0000
2026-08-09 14:23:34 | INFO     |   Batch 7150/10342: loss=0.0000
2026-08-09 14:23:40 | INFO     |   Batch 7200/10342: loss=0.0001
2026-08-09 14:23:46 | INFO     |   Batch 7250/10342: loss=0.0000
2026-08-09 14:23:51 | INFO     |   Batch 7300/10342: loss=0.0000
2026-08-09 14:23:57 | INFO     |   Batch 7350/10342: loss=0.0000
2026-08-09 14:24:03 | INFO     |   Batch 7400/10342: loss=0.0000
2026-08-09 14:24:09 | INFO     |   Batch 7450/10342: loss=0.0000
2026-08-09 14:24:15 | INFO     |   Batch 7500/10342: loss=0.0001
2026-08-09 14:24:21 | INFO     |   Batch 7550/10342: loss=0.0000
2026-08-09 14:24:27 | INFO     |   Batch 7600/10342: loss=0.0000
2026-08-09 14:24:33 | INFO     |   Batch 7650/10342: loss=0.0001
2026-08-09 14:24:39 | INFO     |   Batch 7700/10342: loss=0.0000
2026-08-09 14:24:45 | INFO     |   Batch 7750/10342: loss=0.0000
2026-08-09 14:24:51 | INFO     |   Batch 7800/10342: loss=0.0001
2026-08-09 14:24:57 | INFO     |   Batch 7850/10342: loss=0.0000
2026-08-09 14:25:03 | INFO     |   Batch 7900/10342: loss=0.0000
2026-08-09 14:25:09 | INFO     |   Batch 7950/10342: loss=0.0000
2026-08-09 14:25:15 | INFO     |   Batch 8000/10342: loss=0.0000
2026-08-09 14:25:21 | INFO     |   Batch 8050/10342: loss=0.0000
2026-08-09 14:25:27 | INFO     |   Batch 8100/10342: loss=0.0000
2026-08-09 14:25:33 | INFO     |   Batch 8150/10342: loss=0.0000
2026-08-09 14:25:39 | INFO     |   Batch 8200/10342: loss=0.0000
2026-08-09 14:25:45 | INFO     |   Batch 8250/10342: loss=0.0000
2026-08-09 14:25:51 | INFO     |   Batch 8300/10342: loss=0.0000
2026-08-09 14:25:57 | INFO     |   Batch 8350/10342: loss=0.0000
2026-08-09 14:26:03 | INFO     |   Batch 8400/10342: loss=0.0000
2026-08-09 14:26:09 | INFO     |   Batch 8450/10342: loss=0.0000
2026-08-09 14:26:15 | INFO     |   Batch 8500/10342: loss=0.0000
2026-08-09 14:26:21 | INFO     |   Batch 8550/10342: loss=0.0000
2026-08-09 14:26:27 | INFO     |   Batch 8600/10342: loss=0.1157
2026-08-09 14:26:33 | INFO     |   Batch 8650/10342: loss=0.0005
2026-08-09 14:26:38 | INFO     |   Batch 8700/10342: loss=0.0000
2026-08-09 14:26:44 | INFO     |   Batch 8750/10342: loss=0.0002
2026-08-09 14:26:50 | INFO     |   Batch 8800/10342: loss=0.0000
2026-08-09 14:26:56 | INFO     |   Batch 8850/10342: loss=0.0000
2026-08-09 14:27:02 | INFO     |   Batch 8900/10342: loss=0.0000
2026-08-09 14:27:08 | INFO     |   Batch 8950/10342: loss=0.0000
2026-08-09 14:27:14 | INFO     |   Batch 9000/10342: loss=0.0000
2026-08-09 14:27:20 | INFO     |   Batch 9050/10342: loss=0.0000
2026-08-09 14:27:26 | INFO     |   Batch 9100/10342: loss=0.0000
2026-08-09 14:27:32 | INFO     |   Batch 9150/10342: loss=0.0001
2026-08-09 14:27:38 | INFO     |   Batch 9200/10342: loss=0.0000
2026-08-09 14:27:44 | INFO     |   Batch 9250/10342: loss=0.0003
2026-08-09 14:27:50 | INFO     |   Batch 9300/10342: loss=0.0000
2026-08-09 14:27:56 | INFO     |   Batch 9350/10342: loss=0.0000
2026-08-09 14:28:02 | INFO     |   Batch 9400/10342: loss=0.0001
2026-08-09 14:28:08 | INFO     |   Batch 9450/10342: loss=0.0002
2026-08-09 14:28:14 | INFO     |   Batch 9500/10342: loss=0.0000
2026-08-09 14:28:20 | INFO     |   Batch 9550/10342: loss=0.0000
2026-08-09 14:28:26 | INFO     |   Batch 9600/10342: loss=0.0000
2026-08-09 14:28:32 | INFO     |   Batch 9650/10342: loss=0.0000
2026-08-09 14:28:38 | INFO     |   Batch 9700/10342: loss=0.0000
2026-08-09 14:28:44 | INFO     |   Batch 9750/10342: loss=0.0000
2026-08-09 14:28:50 | INFO     |   Batch 9800/10342: loss=0.0000
2026-08-09 14:28:56 | INFO     |   Batch 9850/10342: loss=0.0000
2026-08-09 14:29:01 | INFO     |   Batch 9900/10342: loss=0.0000
2026-08-09 14:29:07 | INFO     |   Batch 9950/10342: loss=0.0000
2026-08-09 14:29:13 | INFO     |   Batch 10000/10342: loss=0.0000
2026-08-09 14:29:19 | INFO     |   Batch 10050/10342: loss=0.0000
2026-08-09 14:29:25 | INFO     |   Batch 10100/10342: loss=0.0001
2026-08-09 14:29:31 | INFO     |   Batch 10150/10342: loss=0.0000
2026-08-09 14:29:37 | INFO     |   Batch 10200/10342: loss=0.0000
2026-08-09 14:29:43 | INFO     |   Batch 10250/10342: loss=0.0000
2026-08-09 14:29:49 | INFO     |   Batch 10300/10342: loss=0.0000
2026-08-09 14:29:54 | INFO     | Train: loss=0.0025 | F1=0.9733 | Acc=0.9992
2026-08-09 14:31:50 | INFO     | Val:   loss=0.0093 | F1=0.9877 | Acc=0.9985
2026-08-09 14:33:46 | INFO     | Test:  F1=0.9877 | Acc=0.9985 | MCC=0.9984 | Prec=0.9877 | Rec=0.9878
2026-08-09 14:33:46 | INFO     | 
--- Epoch 7/8 ---
2026-08-09 14:33:52 | INFO     |   Batch 50/10342: loss=0.0001
2026-08-09 14:33:58 | INFO     |   Batch 100/10342: loss=0.0001
2026-08-09 14:34:04 | INFO     |   Batch 150/10342: loss=0.0000
2026-08-09 14:34:10 | INFO     |   Batch 200/10342: loss=0.0000
2026-08-09 14:34:16 | INFO     |   Batch 250/10342: loss=0.0000
2026-08-09 14:34:22 | INFO     |   Batch 300/10342: loss=0.0000
2026-08-09 14:34:28 | INFO     |   Batch 350/10342: loss=0.0000
2026-08-09 14:34:34 | INFO     |   Batch 400/10342: loss=0.0000
2026-08-09 14:34:40 | INFO     |   Batch 450/10342: loss=0.0000
2026-08-09 14:34:45 | INFO     |   Batch 500/10342: loss=0.0001
2026-08-09 14:34:51 | INFO     |   Batch 550/10342: loss=0.0000
2026-08-09 14:34:57 | INFO     |   Batch 600/10342: loss=0.0000
2026-08-09 14:35:03 | INFO     |   Batch 650/10342: loss=0.0000
2026-08-09 14:35:09 | INFO     |   Batch 700/10342: loss=0.0000
2026-08-09 14:35:15 | INFO     |   Batch 750/10342: loss=0.0000
2026-08-09 14:35:21 | INFO     |   Batch 800/10342: loss=0.0000
2026-08-09 14:35:27 | INFO     |   Batch 850/10342: loss=0.0000
2026-08-09 14:35:33 | INFO     |   Batch 900/10342: loss=0.0000
2026-08-09 14:35:39 | INFO     |   Batch 950/10342: loss=0.0000
2026-08-09 14:35:45 | INFO     |   Batch 1000/10342: loss=0.0000
2026-08-09 14:35:51 | INFO     |   Batch 1050/10342: loss=0.0000
2026-08-09 14:35:57 | INFO     |   Batch 1100/10342: loss=0.0000
2026-08-09 14:36:03 | INFO     |   Batch 1150/10342: loss=0.0001
2026-08-09 14:36:09 | INFO     |   Batch 1200/10342: loss=0.0000
2026-08-09 14:36:15 | INFO     |   Batch 1250/10342: loss=0.0000
2026-08-09 14:36:21 | INFO     |   Batch 1300/10342: loss=0.0000
2026-08-09 14:36:27 | INFO     |   Batch 1350/10342: loss=0.0000
2026-08-09 14:36:33 | INFO     |   Batch 1400/10342: loss=0.0000
2026-08-09 14:36:38 | INFO     |   Batch 1450/10342: loss=0.0000
2026-08-09 14:36:44 | INFO     |   Batch 1500/10342: loss=0.0001
2026-08-09 14:36:50 | INFO     |   Batch 1550/10342: loss=0.0000
2026-08-09 14:36:56 | INFO     |   Batch 1600/10342: loss=0.0000
2026-08-09 14:37:02 | INFO     |   Batch 1650/10342: loss=0.0000
2026-08-09 14:37:08 | INFO     |   Batch 1700/10342: loss=0.0000
2026-08-09 14:37:14 | INFO     |   Batch 1750/10342: loss=0.0000
2026-08-09 14:37:20 | INFO     |   Batch 1800/10342: loss=0.0000
2026-08-09 14:37:26 | INFO     |   Batch 1850/10342: loss=0.0000
2026-08-09 14:37:32 | INFO     |   Batch 1900/10342: loss=0.0000
2026-08-09 14:37:38 | INFO     |   Batch 1950/10342: loss=0.0000
2026-08-09 14:37:44 | INFO     |   Batch 2000/10342: loss=0.0000
2026-08-09 14:37:50 | INFO     |   Batch 2050/10342: loss=0.0000
2026-08-09 14:37:56 | INFO     |   Batch 2100/10342: loss=0.0000
2026-08-09 14:38:02 | INFO     |   Batch 2150/10342: loss=0.0000
2026-08-09 14:38:08 | INFO     |   Batch 2200/10342: loss=0.0000
2026-08-09 14:38:14 | INFO     |   Batch 2250/10342: loss=0.0000
2026-08-09 14:38:20 | INFO     |   Batch 2300/10342: loss=0.0000
2026-08-09 14:38:26 | INFO     |   Batch 2350/10342: loss=0.0000
2026-08-09 14:38:32 | INFO     |   Batch 2400/10342: loss=0.0002
2026-08-09 14:38:38 | INFO     |   Batch 2450/10342: loss=0.0000
2026-08-09 14:38:44 | INFO     |   Batch 2500/10342: loss=0.0000
2026-08-09 14:38:50 | INFO     |   Batch 2550/10342: loss=0.0393
2026-08-09 14:38:56 | INFO     |   Batch 2600/10342: loss=0.0000
2026-08-09 14:39:02 | INFO     |   Batch 2650/10342: loss=0.0000
2026-08-09 14:39:08 | INFO     |   Batch 2700/10342: loss=0.0000
2026-08-09 14:39:14 | INFO     |   Batch 2750/10342: loss=0.0000
2026-08-09 14:39:20 | INFO     |   Batch 2800/10342: loss=0.0000
2026-08-09 14:39:26 | INFO     |   Batch 2850/10342: loss=0.0000
2026-08-09 14:39:31 | INFO     |   Batch 2900/10342: loss=0.0001
2026-08-09 14:39:37 | INFO     |   Batch 2950/10342: loss=0.0000
2026-08-09 14:39:43 | INFO     |   Batch 3000/10342: loss=0.0001
2026-08-09 14:39:49 | INFO     |   Batch 3050/10342: loss=0.0001
2026-08-09 14:39:55 | INFO     |   Batch 3100/10342: loss=0.0000
2026-08-09 14:40:01 | INFO     |   Batch 3150/10342: loss=0.0001
2026-08-09 14:40:07 | INFO     |   Batch 3200/10342: loss=0.0000
2026-08-09 14:40:13 | INFO     |   Batch 3250/10342: loss=0.0000
2026-08-09 14:40:19 | INFO     |   Batch 3300/10342: loss=0.0000
2026-08-09 14:40:25 | INFO     |   Batch 3350/10342: loss=0.0000
2026-08-09 14:40:31 | INFO     |   Batch 3400/10342: loss=0.0000
2026-08-09 14:40:37 | INFO     |   Batch 3450/10342: loss=0.0000
2026-08-09 14:40:43 | INFO     |   Batch 3500/10342: loss=0.0000
2026-08-09 14:40:49 | INFO     |   Batch 3550/10342: loss=0.0000
2026-08-09 14:40:55 | INFO     |   Batch 3600/10342: loss=0.0000
2026-08-09 14:41:01 | INFO     |   Batch 3650/10342: loss=0.0000
2026-08-09 14:41:07 | INFO     |   Batch 3700/10342: loss=0.0000
2026-08-09 14:41:13 | INFO     |   Batch 3750/10342: loss=0.0000
2026-08-09 14:41:19 | INFO     |   Batch 3800/10342: loss=0.0000
2026-08-09 14:41:25 | INFO     |   Batch 3850/10342: loss=0.0002
2026-08-09 14:41:31 | INFO     |   Batch 3900/10342: loss=0.0000
2026-08-09 14:41:37 | INFO     |   Batch 3950/10342: loss=0.0000
2026-08-09 14:41:43 | INFO     |   Batch 4000/10342: loss=0.0000
2026-08-09 14:41:49 | INFO     |   Batch 4050/10342: loss=0.0002
2026-08-09 14:41:55 | INFO     |   Batch 4100/10342: loss=0.0000
2026-08-09 14:42:01 | INFO     |   Batch 4150/10342: loss=0.0000
2026-08-09 14:42:07 | INFO     |   Batch 4200/10342: loss=0.0000
2026-08-09 14:42:13 | INFO     |   Batch 4250/10342: loss=0.0000
2026-08-09 14:42:18 | INFO     |   Batch 4300/10342: loss=0.0000
2026-08-09 14:42:24 | INFO     |   Batch 4350/10342: loss=0.0000
2026-08-09 14:42:30 | INFO     |   Batch 4400/10342: loss=0.0000
2026-08-09 14:42:36 | INFO     |   Batch 4450/10342: loss=0.0000
2026-08-09 14:42:42 | INFO     |   Batch 4500/10342: loss=0.0000
2026-08-09 14:42:48 | INFO     |   Batch 4550/10342: loss=0.0000
2026-08-09 14:42:54 | INFO     |   Batch 4600/10342: loss=0.0000
2026-08-09 14:43:00 | INFO     |   Batch 4650/10342: loss=0.0000
2026-08-09 14:43:06 | INFO     |   Batch 4700/10342: loss=0.0000
2026-08-09 14:43:12 | INFO     |   Batch 4750/10342: loss=0.0000
2026-08-09 14:43:18 | INFO     |   Batch 4800/10342: loss=0.0000
2026-08-09 14:43:24 | INFO     |   Batch 4850/10342: loss=0.0000
2026-08-09 14:43:30 | INFO     |   Batch 4900/10342: loss=0.0000
2026-08-09 14:43:36 | INFO     |   Batch 4950/10342: loss=0.0001
2026-08-09 14:43:42 | INFO     |   Batch 5000/10342: loss=0.0000
2026-08-09 14:43:48 | INFO     |   Batch 5050/10342: loss=0.0000
2026-08-09 14:43:54 | INFO     |   Batch 5100/10342: loss=0.0000
2026-08-09 14:44:00 | INFO     |   Batch 5150/10342: loss=0.0000
2026-08-09 14:44:06 | INFO     |   Batch 5200/10342: loss=0.0000
2026-08-09 14:44:12 | INFO     |   Batch 5250/10342: loss=0.0001
2026-08-09 14:44:18 | INFO     |   Batch 5300/10342: loss=0.0000
2026-08-09 14:44:24 | INFO     |   Batch 5350/10342: loss=0.0000
2026-08-09 14:44:30 | INFO     |   Batch 5400/10342: loss=0.0000
2026-08-09 14:44:36 | INFO     |   Batch 5450/10342: loss=0.0000
2026-08-09 14:44:42 | INFO     |   Batch 5500/10342: loss=0.0000
2026-08-09 14:44:48 | INFO     |   Batch 5550/10342: loss=0.0000
2026-08-09 14:44:54 | INFO     |   Batch 5600/10342: loss=0.0000
2026-08-09 14:45:00 | INFO     |   Batch 5650/10342: loss=0.0000
2026-08-09 14:45:06 | INFO     |   Batch 5700/10342: loss=0.0000
2026-08-09 14:45:12 | INFO     |   Batch 5750/10342: loss=0.0000
2026-08-09 14:45:18 | INFO     |   Batch 5800/10342: loss=0.0000
2026-08-09 14:45:24 | INFO     |   Batch 5850/10342: loss=0.0000
2026-08-09 14:45:29 | INFO     |   Batch 5900/10342: loss=0.0000
2026-08-09 14:45:35 | INFO     |   Batch 5950/10342: loss=0.0000
2026-08-09 14:45:41 | INFO     |   Batch 6000/10342: loss=0.0000
2026-08-09 14:45:47 | INFO     |   Batch 6050/10342: loss=0.0000
2026-08-09 14:45:53 | INFO     |   Batch 6100/10342: loss=0.0000
2026-08-09 14:45:59 | INFO     |   Batch 6150/10342: loss=0.0000
2026-08-09 14:46:05 | INFO     |   Batch 6200/10342: loss=0.0003
2026-08-09 14:46:11 | INFO     |   Batch 6250/10342: loss=0.0000
2026-08-09 14:46:17 | INFO     |   Batch 6300/10342: loss=0.0000
2026-08-09 14:46:23 | INFO     |   Batch 6350/10342: loss=0.0000
2026-08-09 14:46:29 | INFO     |   Batch 6400/10342: loss=0.0000
2026-08-09 14:46:35 | INFO     |   Batch 6450/10342: loss=0.0000
2026-08-09 14:46:41 | INFO     |   Batch 6500/10342: loss=0.0001
2026-08-09 14:46:47 | INFO     |   Batch 6550/10342: loss=0.0000
2026-08-09 14:46:53 | INFO     |   Batch 6600/10342: loss=0.0005
2026-08-09 14:46:59 | INFO     |   Batch 6650/10342: loss=0.0000
2026-08-09 14:47:05 | INFO     |   Batch 6700/10342: loss=0.0001
2026-08-09 14:47:11 | INFO     |   Batch 6750/10342: loss=0.0000
2026-08-09 14:47:17 | INFO     |   Batch 6800/10342: loss=0.0000
2026-08-09 14:47:23 | INFO     |   Batch 6850/10342: loss=0.0001
2026-08-09 14:47:29 | INFO     |   Batch 6900/10342: loss=0.0000
2026-08-09 14:47:35 | INFO     |   Batch 6950/10342: loss=0.0002
2026-08-09 14:47:41 | INFO     |   Batch 7000/10342: loss=0.0000
2026-08-09 14:47:47 | INFO     |   Batch 7050/10342: loss=0.0000
2026-08-09 14:47:52 | INFO     |   Batch 7100/10342: loss=0.0000
2026-08-09 14:47:58 | INFO     |   Batch 7150/10342: loss=0.0000
2026-08-09 14:48:04 | INFO     |   Batch 7200/10342: loss=0.0000
2026-08-09 14:48:10 | INFO     |   Batch 7250/10342: loss=0.0000
2026-08-09 14:48:16 | INFO     |   Batch 7300/10342: loss=0.0000
2026-08-09 14:48:22 | INFO     |   Batch 7350/10342: loss=0.0000
2026-08-09 14:48:28 | INFO     |   Batch 7400/10342: loss=0.0000
2026-08-09 14:48:34 | INFO     |   Batch 7450/10342: loss=0.0000
2026-08-09 14:48:40 | INFO     |   Batch 7500/10342: loss=0.0000
2026-08-09 14:48:46 | INFO     |   Batch 7550/10342: loss=0.0000
2026-08-09 14:48:52 | INFO     |   Batch 7600/10342: loss=0.0000
2026-08-09 14:48:58 | INFO     |   Batch 7650/10342: loss=0.0000
2026-08-09 14:49:04 | INFO     |   Batch 7700/10342: loss=0.0001
2026-08-09 14:49:10 | INFO     |   Batch 7750/10342: loss=0.0000
2026-08-09 14:49:16 | INFO     |   Batch 7800/10342: loss=0.0000
2026-08-09 14:49:22 | INFO     |   Batch 7850/10342: loss=0.0000
2026-08-09 14:49:28 | INFO     |   Batch 7900/10342: loss=0.0000
2026-08-09 14:49:34 | INFO     |   Batch 7950/10342: loss=0.0000
2026-08-09 14:49:39 | INFO     |   Batch 8000/10342: loss=0.0000
2026-08-09 14:49:45 | INFO     |   Batch 8050/10342: loss=0.0001
2026-08-09 14:49:51 | INFO     |   Batch 8100/10342: loss=0.0000
2026-08-09 14:49:57 | INFO     |   Batch 8150/10342: loss=0.0000
2026-08-09 14:50:03 | INFO     |   Batch 8200/10342: loss=0.0000
2026-08-09 14:50:09 | INFO     |   Batch 8250/10342: loss=0.0000
2026-08-09 14:50:15 | INFO     |   Batch 8300/10342: loss=0.0000
2026-08-09 14:50:21 | INFO     |   Batch 8350/10342: loss=0.0000
2026-08-09 14:50:27 | INFO     |   Batch 8400/10342: loss=0.0000
2026-08-09 14:50:33 | INFO     |   Batch 8450/10342: loss=0.0000
2026-08-09 14:50:39 | INFO     |   Batch 8500/10342: loss=0.0000
2026-08-09 14:50:45 | INFO     |   Batch 8550/10342: loss=0.0000
2026-08-09 14:50:51 | INFO     |   Batch 8600/10342: loss=0.0000
2026-08-09 14:50:57 | INFO     |   Batch 8650/10342: loss=0.0000
2026-08-09 14:51:03 | INFO     |   Batch 8700/10342: loss=0.0001
2026-08-09 14:51:09 | INFO     |   Batch 8750/10342: loss=0.0000
2026-08-09 14:51:15 | INFO     |   Batch 8800/10342: loss=0.0000
2026-08-09 14:51:21 | INFO     |   Batch 8850/10342: loss=0.0000
2026-08-09 14:51:27 | INFO     |   Batch 8900/10342: loss=0.0000
2026-08-09 14:51:33 | INFO     |   Batch 8950/10342: loss=0.0000
2026-08-09 14:51:39 | INFO     |   Batch 9000/10342: loss=0.0000
2026-08-09 14:51:44 | INFO     |   Batch 9050/10342: loss=0.0000
2026-08-09 14:51:50 | INFO     |   Batch 9100/10342: loss=0.0000
2026-08-09 14:51:56 | INFO     |   Batch 9150/10342: loss=0.0001
2026-08-09 14:52:02 | INFO     |   Batch 9200/10342: loss=0.0000
2026-08-09 14:52:08 | INFO     |   Batch 9250/10342: loss=0.0000
2026-08-09 14:52:14 | INFO     |   Batch 9300/10342: loss=0.0000
2026-08-09 14:52:20 | INFO     |   Batch 9350/10342: loss=0.0000
2026-08-09 14:52:26 | INFO     |   Batch 9400/10342: loss=0.0000
2026-08-09 14:52:32 | INFO     |   Batch 9450/10342: loss=0.0000
2026-08-09 14:52:38 | INFO     |   Batch 9500/10342: loss=0.0000
2026-08-09 14:52:44 | INFO     |   Batch 9550/10342: loss=0.0000
2026-08-09 14:52:50 | INFO     |   Batch 9600/10342: loss=0.0000
2026-08-09 14:52:56 | INFO     |   Batch 9650/10342: loss=0.0000
2026-08-09 14:53:02 | INFO     |   Batch 9700/10342: loss=0.0000
2026-08-09 14:53:08 | INFO     |   Batch 9750/10342: loss=0.0000
2026-08-09 14:53:14 | INFO     |   Batch 9800/10342: loss=0.0000
2026-08-09 14:53:20 | INFO     |   Batch 9850/10342: loss=0.0000
2026-08-09 14:53:26 | INFO     |   Batch 9900/10342: loss=0.0001
2026-08-09 14:53:32 | INFO     |   Batch 9950/10342: loss=0.0000
2026-08-09 14:53:38 | INFO     |   Batch 10000/10342: loss=0.0000
2026-08-09 14:53:44 | INFO     |   Batch 10050/10342: loss=0.0001
2026-08-09 14:53:50 | INFO     |   Batch 10100/10342: loss=0.0000
2026-08-09 14:53:56 | INFO     |   Batch 10150/10342: loss=0.0000
2026-08-09 14:54:02 | INFO     |   Batch 10200/10342: loss=0.0000
2026-08-09 14:54:08 | INFO     |   Batch 10250/10342: loss=0.0000
2026-08-09 14:54:14 | INFO     |   Batch 10300/10342: loss=0.0040
2026-08-09 14:54:19 | INFO     | Train: loss=0.0022 | F1=0.9992 | Acc=0.9992
2026-08-09 14:56:15 | INFO     | Val:   loss=0.0097 | F1=0.9991 | Acc=0.9983
2026-08-09 14:58:10 | INFO     | Test:  F1=0.9991 | Acc=0.9983 | MCC=0.9982 | Prec=0.9992 | Rec=0.9990
2026-08-09 14:58:10 | INFO     | 
--- Epoch 8/8 ---
2026-08-09 14:58:16 | INFO     |   Batch 50/10342: loss=0.0000
2026-08-09 14:58:22 | INFO     |   Batch 100/10342: loss=0.0000
2026-08-09 14:58:28 | INFO     |   Batch 150/10342: loss=0.0000
2026-08-09 14:58:34 | INFO     |   Batch 200/10342: loss=0.0000
2026-08-09 14:58:40 | INFO     |   Batch 250/10342: loss=0.0000
2026-08-09 14:58:46 | INFO     |   Batch 300/10342: loss=0.0000
2026-08-09 14:58:52 | INFO     |   Batch 350/10342: loss=0.0000
2026-08-09 14:58:58 | INFO     |   Batch 400/10342: loss=0.0000
2026-08-09 14:59:04 | INFO     |   Batch 450/10342: loss=0.0000
2026-08-09 14:59:10 | INFO     |   Batch 500/10342: loss=0.0000
2026-08-09 14:59:16 | INFO     |   Batch 550/10342: loss=0.0000
2026-08-09 14:59:22 | INFO     |   Batch 600/10342: loss=0.0000
2026-08-09 14:59:28 | INFO     |   Batch 650/10342: loss=0.0000
2026-08-09 14:59:34 | INFO     |   Batch 700/10342: loss=0.0000
2026-08-09 14:59:40 | INFO     |   Batch 750/10342: loss=0.0000
2026-08-09 14:59:46 | INFO     |   Batch 800/10342: loss=0.0000
2026-08-09 14:59:52 | INFO     |   Batch 850/10342: loss=0.0000
2026-08-09 14:59:58 | INFO     |   Batch 900/10342: loss=0.0000
2026-08-09 15:00:04 | INFO     |   Batch 950/10342: loss=0.0000
2026-08-09 15:00:09 | INFO     |   Batch 1000/10342: loss=0.0000
2026-08-09 15:00:15 | INFO     |   Batch 1050/10342: loss=0.0000
2026-08-09 15:00:21 | INFO     |   Batch 1100/10342: loss=0.0000
2026-08-09 15:00:27 | INFO     |   Batch 1150/10342: loss=0.0000
2026-08-09 15:00:33 | INFO     |   Batch 1200/10342: loss=0.0000
2026-08-09 15:00:39 | INFO     |   Batch 1250/10342: loss=0.0000
2026-08-09 15:00:45 | INFO     |   Batch 1300/10342: loss=0.0000
2026-08-09 15:00:51 | INFO     |   Batch 1350/10342: loss=0.0000
2026-08-09 15:00:57 | INFO     |   Batch 1400/10342: loss=0.0000
2026-08-09 15:01:03 | INFO     |   Batch 1450/10342: loss=0.0000
2026-08-09 15:01:09 | INFO     |   Batch 1500/10342: loss=0.0000
2026-08-09 15:01:15 | INFO     |   Batch 1550/10342: loss=0.0000
2026-08-09 15:01:21 | INFO     |   Batch 1600/10342: loss=0.0000
2026-08-09 15:01:27 | INFO     |   Batch 1650/10342: loss=0.0000
2026-08-09 15:01:33 | INFO     |   Batch 1700/10342: loss=0.0000
2026-08-09 15:01:39 | INFO     |   Batch 1750/10342: loss=0.0000
2026-08-09 15:01:45 | INFO     |   Batch 1800/10342: loss=0.0000
2026-08-09 15:01:51 | INFO     |   Batch 1850/10342: loss=0.0000
2026-08-09 15:01:57 | INFO     |   Batch 1900/10342: loss=0.0000
2026-08-09 15:02:03 | INFO     |   Batch 1950/10342: loss=0.0000
2026-08-09 15:02:09 | INFO     |   Batch 2000/10342: loss=0.0000
2026-08-09 15:02:15 | INFO     |   Batch 2050/10342: loss=0.0000
2026-08-09 15:02:21 | INFO     |   Batch 2100/10342: loss=0.0000
2026-08-09 15:02:27 | INFO     |   Batch 2150/10342: loss=0.0002
2026-08-09 15:02:32 | INFO     |   Batch 2200/10342: loss=0.0000
2026-08-09 15:02:38 | INFO     |   Batch 2250/10342: loss=0.0000
2026-08-09 15:02:44 | INFO     |   Batch 2300/10342: loss=0.0000
2026-08-09 15:02:50 | INFO     |   Batch 2350/10342: loss=0.0000
2026-08-09 15:02:56 | INFO     |   Batch 2400/10342: loss=0.0000
2026-08-09 15:03:02 | INFO     |   Batch 2450/10342: loss=0.0000
2026-08-09 15:03:08 | INFO     |   Batch 2500/10342: loss=0.0000
2026-08-09 15:03:14 | INFO     |   Batch 2550/10342: loss=0.0002
2026-08-09 15:03:20 | INFO     |   Batch 2600/10342: loss=0.0001
2026-08-09 15:03:26 | INFO     |   Batch 2650/10342: loss=0.0000
2026-08-09 15:03:32 | INFO     |   Batch 2700/10342: loss=0.0000
2026-08-09 15:03:38 | INFO     |   Batch 2750/10342: loss=0.0000
2026-08-09 15:03:44 | INFO     |   Batch 2800/10342: loss=0.0000
2026-08-09 15:03:50 | INFO     |   Batch 2850/10342: loss=0.0000
2026-08-09 15:03:56 | INFO     |   Batch 2900/10342: loss=0.0000
2026-08-09 15:04:02 | INFO     |   Batch 2950/10342: loss=0.0000
2026-08-09 15:04:08 | INFO     |   Batch 3000/10342: loss=0.0000
2026-08-09 15:04:14 | INFO     |   Batch 3050/10342: loss=0.0002
2026-08-09 15:04:20 | INFO     |   Batch 3100/10342: loss=0.0000
2026-08-09 15:04:26 | INFO     |   Batch 3150/10342: loss=0.0000
2026-08-09 15:04:32 | INFO     |   Batch 3200/10342: loss=0.1532
2026-08-09 15:04:38 | INFO     |   Batch 3250/10342: loss=0.0000
2026-08-09 15:04:43 | INFO     |   Batch 3300/10342: loss=0.0000
2026-08-09 15:04:50 | INFO     |   Batch 3350/10342: loss=0.0000
2026-08-09 15:04:56 | INFO     |   Batch 3400/10342: loss=0.0001
2026-08-09 15:05:01 | INFO     |   Batch 3450/10342: loss=0.0000
2026-08-09 15:05:07 | INFO     |   Batch 3500/10342: loss=0.0000
2026-08-09 15:05:13 | INFO     |   Batch 3550/10342: loss=0.0000
2026-08-09 15:05:19 | INFO     |   Batch 3600/10342: loss=0.0000
2026-08-09 15:05:25 | INFO     |   Batch 3650/10342: loss=0.0000
2026-08-09 15:05:31 | INFO     |   Batch 3700/10342: loss=0.0000
2026-08-09 15:05:37 | INFO     |   Batch 3750/10342: loss=0.0000
2026-08-09 15:05:43 | INFO     |   Batch 3800/10342: loss=0.0000
2026-08-09 15:05:49 | INFO     |   Batch 3850/10342: loss=0.0016
2026-08-09 15:05:55 | INFO     |   Batch 3900/10342: loss=0.0000
2026-08-09 15:06:01 | INFO     |   Batch 3950/10342: loss=0.0000
2026-08-09 15:06:07 | INFO     |   Batch 4000/10342: loss=0.0000
2026-08-09 15:06:13 | INFO     |   Batch 4050/10342: loss=0.0000
2026-08-09 15:06:19 | INFO     |   Batch 4100/10342: loss=0.0000
2026-08-09 15:06:25 | INFO     |   Batch 4150/10342: loss=0.0000
2026-08-09 15:06:31 | INFO     |   Batch 4200/10342: loss=0.0000
2026-08-09 15:06:37 | INFO     |   Batch 4250/10342: loss=0.0000
2026-08-09 15:06:43 | INFO     |   Batch 4300/10342: loss=0.0000
2026-08-09 15:06:49 | INFO     |   Batch 4350/10342: loss=0.0000
2026-08-09 15:06:55 | INFO     |   Batch 4400/10342: loss=0.0000
2026-08-09 15:07:01 | INFO     |   Batch 4450/10342: loss=0.0000
2026-08-09 15:07:07 | INFO     |   Batch 4500/10342: loss=0.0000
2026-08-09 15:07:13 | INFO     |   Batch 4550/10342: loss=0.0000
2026-08-09 15:07:19 | INFO     |   Batch 4600/10342: loss=0.0001
2026-08-09 15:07:24 | INFO     |   Batch 4650/10342: loss=0.0000
2026-08-09 15:07:30 | INFO     |   Batch 4700/10342: loss=0.0000
2026-08-09 15:07:36 | INFO     |   Batch 4750/10342: loss=0.0000
2026-08-09 15:07:43 | INFO     |   Batch 4800/10342: loss=0.0000
2026-08-09 15:07:49 | INFO     |   Batch 4850/10342: loss=0.0001
2026-08-09 15:07:54 | INFO     |   Batch 4900/10342: loss=0.0000
2026-08-09 15:08:00 | INFO     |   Batch 4950/10342: loss=0.0000
2026-08-09 15:08:06 | INFO     |   Batch 5000/10342: loss=0.0000
2026-08-09 15:08:12 | INFO     |   Batch 5050/10342: loss=0.0000
2026-08-09 15:08:18 | INFO     |   Batch 5100/10342: loss=0.0000
2026-08-09 15:08:24 | INFO     |   Batch 5150/10342: loss=0.0000
2026-08-09 15:08:30 | INFO     |   Batch 5200/10342: loss=0.0000
2026-08-09 15:08:36 | INFO     |   Batch 5250/10342: loss=0.0000
2026-08-09 15:08:42 | INFO     |   Batch 5300/10342: loss=0.0000
2026-08-09 15:08:48 | INFO     |   Batch 5350/10342: loss=0.0000
2026-08-09 15:08:54 | INFO     |   Batch 5400/10342: loss=0.0001
2026-08-09 15:09:00 | INFO     |   Batch 5450/10342: loss=0.0001
2026-08-09 15:09:06 | INFO     |   Batch 5500/10342: loss=0.0000
2026-08-09 15:09:12 | INFO     |   Batch 5550/10342: loss=0.0000
2026-08-09 15:09:18 | INFO     |   Batch 5600/10342: loss=0.0001
2026-08-09 15:09:24 | INFO     |   Batch 5650/10342: loss=0.0000
2026-08-09 15:09:30 | INFO     |   Batch 5700/10342: loss=0.0000
2026-08-09 15:09:36 | INFO     |   Batch 5750/10342: loss=0.0000
2026-08-09 15:09:42 | INFO     |   Batch 5800/10342: loss=0.0000
2026-08-09 15:09:48 | INFO     |   Batch 5850/10342: loss=0.0000
2026-08-09 15:09:54 | INFO     |   Batch 5900/10342: loss=0.0000
2026-08-09 15:10:00 | INFO     |   Batch 5950/10342: loss=0.0000
2026-08-09 15:10:05 | INFO     |   Batch 6000/10342: loss=0.0000
2026-08-09 15:10:11 | INFO     |   Batch 6050/10342: loss=0.0000
2026-08-09 15:10:17 | INFO     |   Batch 6100/10342: loss=0.0000
2026-08-09 15:10:23 | INFO     |   Batch 6150/10342: loss=0.0001
2026-08-09 15:10:29 | INFO     |   Batch 6200/10342: loss=0.0000
2026-08-09 15:10:35 | INFO     |   Batch 6250/10342: loss=0.0000
2026-08-09 15:10:41 | INFO     |   Batch 6300/10342: loss=0.0000
2026-08-09 15:10:47 | INFO     |   Batch 6350/10342: loss=0.0000
2026-08-09 15:10:53 | INFO     |   Batch 6400/10342: loss=0.0000
2026-08-09 15:10:59 | INFO     |   Batch 6450/10342: loss=0.0000
2026-08-09 15:11:05 | INFO     |   Batch 6500/10342: loss=0.0000
2026-08-09 15:11:11 | INFO     |   Batch 6550/10342: loss=0.0000
2026-08-09 15:11:17 | INFO     |   Batch 6600/10342: loss=0.0000
2026-08-09 15:11:23 | INFO     |   Batch 6650/10342: loss=0.0000
2026-08-09 15:11:29 | INFO     |   Batch 6700/10342: loss=0.0000
2026-08-09 15:11:35 | INFO     |   Batch 6750/10342: loss=0.0000
2026-08-09 15:11:41 | INFO     |   Batch 6800/10342: loss=0.0000
2026-08-09 15:11:47 | INFO     |   Batch 6850/10342: loss=0.0000
2026-08-09 15:11:53 | INFO     |   Batch 6900/10342: loss=0.0000
2026-08-09 15:11:58 | INFO     |   Batch 6950/10342: loss=0.0000
2026-08-09 15:12:04 | INFO     |   Batch 7000/10342: loss=0.0000
2026-08-09 15:12:10 | INFO     |   Batch 7050/10342: loss=0.0000
2026-08-09 15:12:16 | INFO     |   Batch 7100/10342: loss=0.0000
2026-08-09 15:12:22 | INFO     |   Batch 7150/10342: loss=0.0000
2026-08-09 15:12:28 | INFO     |   Batch 7200/10342: loss=0.0000
2026-08-09 15:12:34 | INFO     |   Batch 7250/10342: loss=0.0001
2026-08-09 15:12:40 | INFO     |   Batch 7300/10342: loss=0.0001
2026-08-09 15:12:46 | INFO     |   Batch 7350/10342: loss=0.0000
2026-08-09 15:12:52 | INFO     |   Batch 7400/10342: loss=0.0000
2026-08-09 15:12:58 | INFO     |   Batch 7450/10342: loss=0.0000
2026-08-09 15:13:04 | INFO     |   Batch 7500/10342: loss=0.0000
2026-08-09 15:13:10 | INFO     |   Batch 7550/10342: loss=0.0000
2026-08-09 15:13:16 | INFO     |   Batch 7600/10342: loss=0.0000
2026-08-09 15:13:22 | INFO     |   Batch 7650/10342: loss=0.0000
2026-08-09 15:13:28 | INFO     |   Batch 7700/10342: loss=0.0000
2026-08-09 15:13:34 | INFO     |   Batch 7750/10342: loss=0.0000
2026-08-09 15:13:40 | INFO     |   Batch 7800/10342: loss=0.0000
2026-08-09 15:13:46 | INFO     |   Batch 7850/10342: loss=0.0000
2026-08-09 15:13:52 | INFO     |   Batch 7900/10342: loss=0.0000
2026-08-09 15:13:58 | INFO     |   Batch 7950/10342: loss=0.0001
2026-08-09 15:14:03 | INFO     |   Batch 8000/10342: loss=0.0000
2026-08-09 15:14:09 | INFO     |   Batch 8050/10342: loss=0.0000
2026-08-09 15:14:15 | INFO     |   Batch 8100/10342: loss=0.0000
2026-08-09 15:14:21 | INFO     |   Batch 8150/10342: loss=0.0000
2026-08-09 15:14:27 | INFO     |   Batch 8200/10342: loss=0.0000
2026-08-09 15:14:33 | INFO     |   Batch 8250/10342: loss=0.0000
2026-08-09 15:14:39 | INFO     |   Batch 8300/10342: loss=0.0000
2026-08-09 15:14:45 | INFO     |   Batch 8350/10342: loss=0.0000
2026-08-09 15:14:51 | INFO     |   Batch 8400/10342: loss=0.0000
2026-08-09 15:14:57 | INFO     |   Batch 8450/10342: loss=0.0000
2026-08-09 15:15:03 | INFO     |   Batch 8500/10342: loss=0.0000
2026-08-09 15:15:09 | INFO     |   Batch 8550/10342: loss=0.0000
2026-08-09 15:15:15 | INFO     |   Batch 8600/10342: loss=0.0000
2026-08-09 15:15:21 | INFO     |   Batch 8650/10342: loss=0.0000
2026-08-09 15:15:27 | INFO     |   Batch 8700/10342: loss=0.0000
2026-08-09 15:15:33 | INFO     |   Batch 8750/10342: loss=0.0000
2026-08-09 15:15:39 | INFO     |   Batch 8800/10342: loss=0.0000
2026-08-09 15:15:45 | INFO     |   Batch 8850/10342: loss=0.0000
2026-08-09 15:15:51 | INFO     |   Batch 8900/10342: loss=0.0001
2026-08-09 15:15:57 | INFO     |   Batch 8950/10342: loss=0.0000
2026-08-09 15:16:03 | INFO     |   Batch 9000/10342: loss=0.0000
2026-08-09 15:16:09 | INFO     |   Batch 9050/10342: loss=0.0000
2026-08-09 15:16:14 | INFO     |   Batch 9100/10342: loss=0.0000
2026-08-09 15:16:20 | INFO     |   Batch 9150/10342: loss=0.0000
2026-08-09 15:16:26 | INFO     |   Batch 9200/10342: loss=0.0000
2026-08-09 15:16:32 | INFO     |   Batch 9250/10342: loss=0.0000
2026-08-09 15:16:38 | INFO     |   Batch 9300/10342: loss=0.0000
2026-08-09 15:16:44 | INFO     |   Batch 9350/10342: loss=0.0000
2026-08-09 15:16:50 | INFO     |   Batch 9400/10342: loss=0.0000
2026-08-09 15:16:56 | INFO     |   Batch 9450/10342: loss=0.0000
2026-08-09 15:17:02 | INFO     |   Batch 9500/10342: loss=0.0000
2026-08-09 15:17:08 | INFO     |   Batch 9550/10342: loss=0.0000
2026-08-09 15:17:14 | INFO     |   Batch 9600/10342: loss=0.0000
2026-08-09 15:17:20 | INFO     |   Batch 9650/10342: loss=0.0000
2026-08-09 15:17:26 | INFO     |   Batch 9700/10342: loss=0.0000
2026-08-09 15:17:32 | INFO     |   Batch 9750/10342: loss=0.0000
2026-08-09 15:17:38 | INFO     |   Batch 9800/10342: loss=0.0000
2026-08-09 15:17:44 | INFO     |   Batch 9850/10342: loss=0.0000
2026-08-09 15:17:50 | INFO     |   Batch 9900/10342: loss=0.0000
2026-08-09 15:17:56 | INFO     |   Batch 9950/10342: loss=0.0000
2026-08-09 15:18:01 | INFO     |   Batch 10000/10342: loss=0.0000
2026-08-09 15:18:07 | INFO     |   Batch 10050/10342: loss=0.0000
2026-08-09 15:18:13 | INFO     |   Batch 10100/10342: loss=0.0000
2026-08-09 15:18:19 | INFO     |   Batch 10150/10342: loss=0.0000
2026-08-09 15:18:25 | INFO     |   Batch 10200/10342: loss=0.0000
2026-08-09 15:18:31 | INFO     |   Batch 10250/10342: loss=0.0000
2026-08-09 15:18:37 | INFO     |   Batch 10300/10342: loss=0.0000
2026-08-09 15:18:42 | INFO     | Train: loss=0.0021 | F1=0.9997 | Acc=0.9993
2026-08-09 15:20:38 | INFO     | Val:   loss=0.0097 | F1=0.9990 | Acc=0.9982
2026-08-09 15:22:33 | INFO     | Test:  F1=0.9990 | Acc=0.9982 | MCC=0.9981 | Prec=0.9992 | Rec=0.9989
2026-08-09 15:22:33 | INFO     | 
Checkpoint saved to /kaggle/working/outputs/checkpoints/final.pt
2026-08-09 15:22:33 | INFO     | Epoch metrics saved to /kaggle/working/outputs/epoch_metrics.json
2026-08-09 15:22:33 | INFO     | Summary saved to /kaggle/working/outputs/convergence_summary.txt
2026-08-09 15:22:33 | INFO     | 
EPOCH_METRICS_JSON: [{"epoch": 1, "train_loss": 0.3303182842736179, "train_f1": 0.7223988803109397, "train_accuracy": 0.9466254109456584, "val_loss": 0.0193417970743524, "val_f1": 0.9269391987968404, "val_accuracy": 0.9975497839354925, "test_f1": 0.9269391987968404, "test_accuracy": 0.9975497839354925, "test_mcc": 0.9974454049902448, "test_precision": 0.9251225397336633, "test_recall": 0.930668791062415}, {"epoch": 2, "train_loss": 0.012044677445425322, "train_f1": 0.9353073417585999, "train_accuracy": 0.9983441307290659, "val_loss": 0.009628320814773812, "val_f1": 0.9586254913370418, "val_accuracy": 0.9978170802334387, "test_f1": 0.9586254913370418, "test_accuracy": 0.9978170802334387, "test_mcc": 0.997723369159585, "test_precision": 0.9609299833739463, "test_recall": 0.9589982785063381}, {"epoch": 3, "train_loss": 0.004647527642999177, "train_f1": 0.9615164635980823, "train_accuracy": 0.9988396828466447, "val_loss": 0.010636269727792943, "val_f1": 0.9873479304482297, "val_accuracy": 0.998039827148394, "test_f1": 0.9873479304482297, "test_accuracy": 0.998039827148394, "test_mcc": 0.9979558151805752, "test_precision": 0.9873097564711829, "test_recall": 0.9874139381926095}, {"epoch": 4, "train_loss": 0.0032008544262500235, "train_f1": 0.987319075411041, "train_accuracy": 0.9991176754979695, "val_loss": 0.009825616556989051, "val_f1": 0.9983146825789957, "val_accuracy": 0.9981289259143761, "test_f1": 0.9983146825789957, "test_accuracy": 0.9981289259143761, "test_mcc": 0.9980486736696782, "test_precision": 0.9991410626169207, "test_recall": 0.9975897718999978}, {"epoch": 5, "train_loss": 0.002833211772362222, "train_f1": 0.9809297068792394, "train_accuracy": 0.9991901953200542, "val_loss": 0.01016294224467952, "val_f1": 0.9736699651098004, "val_accuracy": 0.998084376531385, "test_f1": 0.9736699651098004, "test_accuracy": 0.998084376531385, "test_mcc": 0.9980020942345165, "test_precision": 0.9721917801958593, "test_recall": 0.9759365822402207}, {"epoch": 6, "train_loss": 0.0024789242671584407, "train_f1": 0.9732805930169417, "train_accuracy": 0.99917810868304, "val_loss": 0.009340323727391372, "val_f1": 0.9877282916494697, "val_accuracy": 0.9984853209783044, "test_f1": 0.9877282916494697, "test_accuracy": 0.9984853209783044, "test_mcc": 0.9984203324765059, "test_precision": 0.9877227552917116, "test_recall": 0.987752540140885}, {"epoch": 7, "train_loss": 0.002240127840797816, "train_f1": 0.9992405896768625, "train_accuracy": 0.9992385418681106, "val_loss": 0.009665844679682798, "val_f1": 0.9990827205201162, "val_accuracy": 0.9982625740633492, "test_f1": 0.9990827205201162, "test_accuracy": 0.9982625740633492, "test_mcc": 0.9981880342929615, "test_precision": 0.9991619318116371, "test_recall": 0.9990246222625616}, {"epoch": 8, "train_loss": 0.0020766278072811787, "train_f1": 0.9996807437575329, "train_accuracy": 0.9992989750531812, "val_loss": 0.009689191406703148, "val_f1": 0.9990470964974031, "val_accuracy": 0.9982180246803581, "test_f1": 0.9990470964974031, "test_accuracy": 0.9982180246803581, "test_mcc": 0.9981414566041724, "test_precision": 0.9991655493640382, "test_recall": 0.9989481358578687}]
2026-08-09 15:22:33 | INFO     | 
===========================================================================
2026-08-09 15:22:33 | INFO     | Convergence experiment completed!
2026-08-09 15:22:33 | INFO     | ===========================================================================
